_id,fieldnumber,observationDate,validationStatus,taxon_id,taxonFullName,originalTaxonNameUsage,taxonDanishName,taxonRedListCategory,locality,country,decimalLatitude,decimalLongitude,accuracy,reportedBy,substrate,vegetationType,associatedTaxa,ecologyNotes,notes,leg,det,URI,crawled
DMS-4644,,2009-04-19T00:00:00.000Z,approved,14454,Gyromitra esculenta,,ægte stenmorkel,LC,Tisvilde Hegn,Denmark,56.04328,12.07475,75,Anne Storgaard,jord eller humus,nåleskov/plantage,fyr (Pinus),,Kendt mycelium,Anne Storgaard,Anne Storgaard,https://svampe.databasen.org/observations/4644,1
DMS-4671,,2009-04-21T00:00:00.000Z,approved,14454,Gyromitra esculenta,,ægte stenmorkel,LC,"Vestskoven, København",Denmark,55.69509,12.35172,1000,Frank Desting,jord eller humus,nåleskov/plantage,,,"5 (et stort og fire små, tørre frugtlegemer i granskov, fundet og bestemt af HM)",Frank Desting,Frank Desting,https://svampe.databasen.org/observations/4671,1
DMS-81934,,2006-04-24T00:00:00.000Z,Validation in progress,14454,Gyromitra esculenta,,ægte stenmorkel,LC,Fovrfeld,Denmark,55.49568,8.41802,75,Per Poulsen,"urtestængler, græsstrå mv.",græsplæne,,,,Per Poulsen,Per Poulsen,https://svampe.databasen.org/observations/81934,2
DMS-92753,,2010-05-02T00:00:00.000Z,approved,14454,Gyromitra esculenta,,ægte stenmorkel,LC,"Tisvilde Hegn, Frøbakke",Denmark,56.0497,12.07895,75,Jørgen Vingborg,jord eller humus,nåleskov/plantage,,,Kendt mycelium: 2008 >50 frl. 2009 3 frl. 2010 2 frl. Ca. 10 meter fra Stor Stenmorkel indrap. 18/4,Jørgen Vingborg,Jørgen Vingborg,https://svampe.databasen.org/observations/92753,1
DMS-92930,,2010-05-02T00:00:00.000Z,approved,14454,Gyromitra esculenta,,ægte stenmorkel,LC,Randbøl Hede,Denmark,55.66197,9.140706,150,Hanne Farnæs,"løv- eller nåledække, løse blade og nåle",nåleskov/plantage,,,stod langs sti,Hanne Farnæs,,https://svampe.databasen.org/observations/92930,1
DMS-94106,,2010-05-16T00:00:00.000Z,approved,14454,Gyromitra esculenta,,ægte stenmorkel,LC,"Vestskoven, København",Denmark,55.68407,12.35734,50,Tom Smidth,jord eller humus,nåleskov/plantage,gran (Picea),,,Tom Smidth,Tom Smidth,https://svampe.databasen.org/observations/94106,1
DMS-102912,,2010-04-29T00:00:00.000Z,approved,14454,Gyromitra esculenta,,ægte stenmorkel,LC,Neder Julianehede,Denmark,56.17496,9.29659,50,Niels V. Mogensen,jord eller humus,nåleskov/plantage,,,,Niels V. Mogensen,Niels V. Mogensen,https://svampe.databasen.org/observations/102912,1
DMS-139558,,2009-04-10T00:00:00.000Z,approved,14454,Gyromitra esculenta,,ægte stenmorkel,LC,Neder Julianehede,Denmark,56.17478,9.29692,50,Niels V. Mogensen,jord eller humus,nåleskov/plantage,,,,"Niels V. Mogensen, Henrik F. Gøtzsche",Henrik F. Gøtzsche,https://svampe.databasen.org/observations/139558,1
DMS-148183,,2011-04-20T00:00:00.000Z,approved,14454,Gyromitra esculenta,,ægte stenmorkel,LC,Store Hørbyhøj,Denmark,56.13756,9.38293,75,Alex Jensen,jord eller humus,nåleskov/plantage,,,Ved gl. granstubbe,Alex Jensen,Alex Jensen,https://svampe.databasen.org/observations/148183,1
DMS-148808,,2011-05-01T00:00:00.000Z,approved,14454,Gyromitra esculenta,,ægte stenmorkel,LC,"Tisvilde Hegn, Frøbakke",Denmark,56.04597,12.07895,100,Jørgen Vingborg,jord eller humus,nåleskov/plantage,,,3 mellemstore frl. og 3 ganske små indtørrede frl.,,Jørgen Vingborg,https://svampe.databasen.org/observations/148808,1
DMS-149810,,2011-05-18T00:00:00.000Z,approved,14454,Gyromitra esculenta,,ægte stenmorkel,LC,Bangsbo,Denmark,57.41798,10.50267,10,Annegrete Eriksen,træflis og savsmuld,park/kirkegård,,,"sporer ret store i forhold til den litteratur, jeg har. 18-26x12-15um - 27.maj var der stadig 4 frl tilbage af de oprindelige 16",Annegrete Eriksen,Annegrete Eriksen,https://svampe.databasen.org/observations/149810,1
DMS-389953,,2011-09-24T00:00:00.000Z,approved,14454,Gyromitra esculenta,,ægte stenmorkel,LC,Isbjerg,Denmark,57.04338,8.620943,150,Arne Jakobsen,mos,nåleskov/plantage,,,"Meget ungt og lyst eksemplar. Tørret materiale forefindes. Voksede i mos, ikke på træ. Er derfor ikke gigas.",Kris,Arne Jakobsen,https://svampe.databasen.org/observations/389953,1
DMS-442490,,2012-03-28T00:00:00.000Z,approved,14454,Gyromitra esculenta,,ægte stenmorkel,LC,Klosterheden,Denmark,56.47757,8.34884,75,Benny Christensen,jord eller humus,nåleskov/plantage,gran (Picea),,Under gran i kant af brandbælte. Fundet på samme lokalitet seneste år. 23 små frugtlegemer max. 5 cm.,Benny Christensen,Benny Christensen,https://svampe.databasen.org/observations/442490,1
DMS-443335,,2012-04-15T00:00:00.000Z,approved,14454,Gyromitra esculenta,,ægte stenmorkel,LC,Kompedal Plantage,Denmark,56.25172,9.26811,75,Niels V. Mogensen,jord eller humus,nåleskov/plantage,,"Under blandet rødgran, skovfyr og lærk",,Niels V. Mogensen,Niels V. Mogensen,https://svampe.databasen.org/observations/443335,1
DMS-443590,,2012-04-22T00:00:00.000Z,approved,14454,Gyromitra esculenta,,ægte stenmorkel,LC,"Tisvilde Hegn, Røhls Dam",Denmark,56.04299,12.07741,100,Jørgen Vingborg,jord eller humus,nåleskov/plantage,fyr (Pinus),3 mellemstore og 3 små frl.,Kendt lokalitet. Den lysåbne del af fyrreskoven langs linien. GPS-billeder,Jørgen Vingborg,Jørgen Vingborg,https://svampe.databasen.org/observations/443590,1
DMS-443984,,2012-04-21T00:00:00.000Z,approved,14454,Gyromitra esculenta,,ægte stenmorkel,LC,Kompedal Plantage,Denmark,56.24697,9.26208,100,Torbjørn Borgen,jord eller humus,nåleskov/plantage,,mindst 25 eks. 4 steder [Associated organism: Rødgran (Picea abies)],"Jeg var i tvivl på grund af den brunviolette stok, der minder om G. ambigua (som jeg kender fra Grønland). Men sporeform og mål er ok for esculenta (ud fra NM1)",,Torbjørn Borgen,https://svampe.databasen.org/observations/443984,1
DMS-443990,,2012-04-28T00:00:00.000Z,approved,14454,Gyromitra esculenta,,ægte stenmorkel,LC,Ål Klitplantage,Denmark,55.62848,8.27185,75,Charly Rise,jord eller humus,blandskov (med løv- og nåletræer),,gentagende fund igennem 15 år,"49mm hat, 13mm stok, 39mm høj",Charly Rise,Charly Rise,https://svampe.databasen.org/observations/443990,1
DMS-443994,,2012-04-28T00:00:00.000Z,approved,14454,Gyromitra esculenta,,ægte stenmorkel,LC,Torstedlund Skov,Denmark,56.80659,9.77612,50,Erik Arnfred Thomsen,jord eller humus,nåleskov/plantage,,[Associated organism: rødgran (Picea abies)],stok 40 mm bred og 30 mm høj. ,Erik Arnfred Thomsen,Erik Arnfred Thomsen,https://svampe.databasen.org/observations/443994,1
DMS-444303,,2012-05-05T00:00:00.000Z,approved,14454,Gyromitra esculenta,,ægte stenmorkel,LC,Sønderborg,Denmark,54.90785,9.82113,10,Jens Mårbjerg,træflis og savsmuld,have,,I flis i kolonihave,"12 cm. jeg troede først, det var gigas, men den har helt glatte sporer uden vedhæng",Jens Mårbjerg,Jens Mårbjerg,https://svampe.databasen.org/observations/444303,1
DMS-444566,,2012-05-12T00:00:00.000Z,approved,14454,Gyromitra esculenta,,ægte stenmorkel,LC,Kompedal Plantage,Denmark,56.22279,9.26345,75,David Boertmann,jord eller humus,nåleskov/plantage,,i græs i vejkant,set tre steder i plantagen,David Boertmann,David Boertmann,https://svampe.databasen.org/observations/444566,1
DMS-504849,,2013-05-01T00:00:00.000Z,approved,14454,Gyromitra esculenta,,ægte stenmorkel,LC,Hoverdal Plantage,Denmark,56.17204,8.410259,150,Hanne Petra Katballe,"løv- eller nåledække, løse blade og nåle",nåleskov/plantage,,,udfra beskrivelsen i Politikens Svampebog er det spi.stenmorkel - da G.gigas lever på mere næringsrig jord og i blandskov,Hanne Petra Katballe,Hanne Petra Katballe,https://svampe.databasen.org/observations/504849,1
DMS-505881,,2013-05-12T00:00:00.000Z,approved,14454,Gyromitra esculenta,,ægte stenmorkel,LC,"Tisvilde Hegn, Frøbakke",Denmark,56.04539,12.08453,75,Jørgen Vingborg,jord eller humus,nåleskov/plantage,,Nyt findested,,Margot Nielsen,Jørgen Vingborg,https://svampe.databasen.org/observations/505881,1
DMS-506708,,2013-05-21T00:00:00.000Z,approved,14454,Gyromitra esculenta,,ægte stenmorkel,LC,Bangsbo Botaniske Have,Denmark,57.41965,10.50612,10,Annegrete Eriksen,træflis og savsmuld,park/kirkegård,,,Kendt lokalitet,Annegrete Eriksen,Annegrete Eriksen,https://svampe.databasen.org/observations/506708,1
DMS-658225,,2012-04-21T00:00:00.000Z,approved,14454,Gyromitra esculenta,,ægte stenmorkel,LC,Hjermind Skov,Denmark,56.38889,9.71254,50,Leif Bloss Carstensen,jord eller humus,nåleskov/plantage,,,2 stk.,Leif Bloss Carstensen,Leif Bloss Carstensen,https://svampe.databasen.org/observations/658225,1
DMS-663790,,2014-03-24T00:00:00.000Z,approved,14454,Gyromitra esculenta,,ægte stenmorkel,LC,Frederiksberg (København),Denmark,55.68333,12.53333,50,Thomas Læssøe,jord eller humus,græsplæne,,"ene ret nær ved, gran 50 meter væk","Grøndalsvej 55 - fotos HP med telefonMeget spinkle eksemplarer med tynd stok, nogen modne sporer til stede.",,Thomas Læssøe,https://svampe.databasen.org/observations/663790,1
DMS-663943,,2014-03-28T00:00:00.000Z,approved,14454,Gyromitra esculenta,,ægte stenmorkel,LC,Sebberkloster Hede,Denmark,56.96964,9.51678,50,Per Taudal Poulsen,træflis og savsmuld,blandskov (med løv- og nåletræer),,,,Per Taudal Poulsen,Per Taudal Poulsen,https://svampe.databasen.org/observations/663943,1
DMS-663998,,2014-03-30T00:00:00.000Z,approved,14454,Gyromitra esculenta,,ægte stenmorkel,LC,Kompedal Plantage,Denmark,56.25379,9.25916,50,Niels V. Mogensen,jord eller humus,nåleskov/plantage,gran (Picea),,,Niels V. Mogensen,Niels V. Mogensen,https://svampe.databasen.org/observations/663998,1
DMS-664061,,2014-03-31T00:00:00.000Z,approved,14454,Gyromitra esculenta,,ægte stenmorkel,LC,Stigsholm Sø,Denmark,55.98055,9.49042,50,Rasmus Ejrnæs,jord eller humus,overdrev,,På sydvendt overdrevsskrænt,"Sært voksested, men kan ikke lige komme i tanker om andet det kan være. Med det voksested skulle det jo være en klokkemorkel, men de starter da ikke ud med at være så foldede?",,Rasmus Ejrnæs,https://svampe.databasen.org/observations/664061,1
DMS-664063,,2014-03-29T00:00:00.000Z,approved,14454,Gyromitra esculenta,,ægte stenmorkel,LC,Klosterhede Plantage,Denmark,56.48183,8.48866,50,Benny Christensen,"urtestængler, græsstrå mv.",nåleskov/plantage,gran (Picea),,,Benny Christensen,,https://svampe.databasen.org/observations/664063,1
DMS-664065,,2014-04-02T00:00:00.000Z,Validation in progress,14454,Gyromitra esculenta,,ægte stenmorkel,LC,Bangsbo Botaniske Have,Denmark,57.41977,10.50611,50,Annegrete Eriksen,træflis og savsmuld,park/kirkegård,,,"Sporerne var ikke modne, men for små til G.gigas, mener jeg.ca 30 frugtlegemer set, de fleste ret små endnu.",Annegrete Eriksen,Annegrete Eriksen,https://svampe.databasen.org/observations/664065,2
DMS-664160,,2014-04-06T00:00:00.000Z,approved,14454,Gyromitra esculenta,,ægte stenmorkel,LC,Kompedal Plantage,Denmark,56.2273,9.28538,50,Niels V. Mogensen,jord eller humus,nåleskov/plantage,gran (Picea),,2 mycelier med ca 200 m`s indbyrdes afstand,Niels V. Mogensen,Niels V. Mogensen,https://svampe.databasen.org/observations/664160,1
DMS-664777,,2014-04-16T00:00:00.000Z,approved,14454,Gyromitra esculenta,,ægte stenmorkel,LC,Gludsted Plantage,Denmark,56.06703,9.31422,100,Niels V. Mogensen,jord eller humus,nåleskov/plantage,gran (Picea),,,Niels V. Mogensen,Niels V. Mogensen,https://svampe.databasen.org/observations/664777,1
DMS-664924,,2014-04-17T00:00:00.000Z,approved,14454,Gyromitra esculenta,,ægte stenmorkel,LC,"Tisvilde Hegn, Frøbakke",Denmark,56.04664,12.07518,100,Jørgen Vingborg,"løv- eller nåledække, løse blade og nåle",nåleskov/plantage,,,Kendt sted langs Lars Anders Linie 11 frl.,Jørgen Vingborg,Jørgen Vingborg,https://svampe.databasen.org/observations/664924,1
DMS-665512,,2014-05-05T00:00:00.000Z,approved,14454,Gyromitra esculenta,,ægte stenmorkel,LC,Lindet Østre Plantage,Denmark,57.41834,10.41581,25,Annegrete Eriksen,jord eller humus,nåleskov/plantage,,"I midterrabat mellem Ædelgran og rødgran, ingen flis.",,Annegrete Eriksen,Annegrete Eriksen,https://svampe.databasen.org/observations/665512,1
DMS-702167,,2015-04-05T00:00:00.000Z,approved,14454,Gyromitra esculenta,,ægte stenmorkel,LC,"Tisvilde Hegn, Røhls Dam",Denmark,56.04374,12.07438,75,Jørgen Vingborg,jord eller humus,nåleskov/plantage,,Frl. ca. 5 cm stor,Nyt findested,Jørgen Vingborg,Jørgen Vingborg,https://svampe.databasen.org/observations/702167,1
DMS-702211,,2015-04-07T00:00:00.000Z,approved,14454,Gyromitra esculenta,,ægte stenmorkel,LC,Kompedal Plantage,Denmark,56.22845,9.28398,50,Niels V. Mogensen,jord eller humus,nåleskov/plantage,gran (Picea),,,Niels V. Mogensen,Niels V. Mogensen,https://svampe.databasen.org/observations/702211,1
DMS-702305,,2015-04-12T00:00:00.000Z,approved,14454,Gyromitra esculenta,,ægte stenmorkel,LC,Tisvilde Hegn,Denmark,56.04644,12.08033,50,Anne Storgaard,jord eller humus,nåleskov/plantage,fyr (Pinus),,3-4 mycelier langs Lars Anders Linje. Ca. 18 frugtlegemer i alt,,Anne Storgaard,https://svampe.databasen.org/observations/702305,1
DMS-736817,,2016-04-04T00:00:00.000Z,approved,14454,Gyromitra esculenta,,ægte stenmorkel,LC,Kompedal Plantage,Denmark,56.23271,9.28058,50,Niels V. Mogensen,jord eller humus,nåleskov/plantage,gran (Picea),,,Niels V. Mogensen,Niels V. Mogensen,https://svampe.databasen.org/observations/736817,1
DMS-737231,,2016-04-16T00:00:00.000Z,approved,14454,Gyromitra esculenta,,ægte stenmorkel,LC,"Tisvilde Hegn, Røhls Dam",Denmark,56.04452,12.07545,75,Jørgen Vingborg,"løv- eller nåledække, løse blade og nåle",nåleskov/plantage,fyr (Pinus),"6 frl. ca. 6 cm Ø, Kendt myc.",,Jørgen Vingborg,Jørgen Vingborg,https://svampe.databasen.org/observations/737231,1
DMS-737359,,2016-04-17T00:00:00.000Z,approved,14454,Gyromitra esculenta,,ægte stenmorkel,LC,Bangsbo Botaniske Have,Denmark,57.41958,10.50542,50,Annegrete Eriksen,træflis og savsmuld,park/kirkegård,,,Samme lokalitet som foregående år.Den 24.April talte jeg 49 frugtlegemer. ,Annegrete Eriksen,Annegrete Eriksen,https://svampe.databasen.org/observations/737359,1
DMS-737531,,2016-04-22T00:00:00.000Z,approved,14454,Gyromitra esculenta,,ægte stenmorkel,LC,"Tisvilde Hegn, Råbjerg",Denmark,56.04477,12.07672,75,Anne Storgaard,jord eller humus,nåleskov/plantage,fyr (Pinus),,Kendt lokalitet,,Anne Storgaard,https://svampe.databasen.org/observations/737531,1
DMS-737794,,2016-04-30T00:00:00.000Z,approved,14454,Gyromitra esculenta,,ægte stenmorkel,LC,"Hoed Strand, Strandplantagen",Denmark,56.29802,10.83758,50,Tobias Bøllingtoft,jord eller humus,nåleskov/plantage,fyr (Pinus),I fyrreplantage med mosfyldt bund.,"Masseforekomst nok mere en 100 frugtlegemer over større område (og vi gik langt fra hele området igennem). Kendt fra lokaliteten, men ifølge Jens M. ikke tidligere set i lignede antal.  ",Tobias Bøllingtoft,Tobias Bøllingtoft,https://svampe.databasen.org/observations/737794,1
DMS-738001,,2016-05-07T00:00:00.000Z,approved,14454,Gyromitra esculenta,,ægte stenmorkel,LC,Klosterheden,Denmark,56.47736,8.381538,75,Signe Ambrosius,jord eller humus,nåleskov/plantage,,,,Signe Ambrosius,Signe Ambrosius,https://svampe.databasen.org/observations/738001,1
DMS-9184103,,2016-04-30T00:00:00.000Z,approved,14454,Gyromitra esculenta,,ægte stenmorkel,LC,"Hoed Strand, Strandplantagen",Denmark,56.29287,10.83329,2500,Jens H. Petersen,jord eller humus,nåleskov/plantage,fyr (Pinus),,,Jens H. Petersen,Jens H. Petersen,https://svampe.databasen.org/observations/9184103,1
DMS-9188792,,2017-03-25T00:00:00.000Z,approved,14454,Gyromitra esculenta,,ægte stenmorkel,LC,Tisvilde Hegn,Denmark,56.05095088603828,12.085055485367777,50,Jørgen Vingborg,jord eller humus,nåleskov/plantage,fyr (Pinus),Helt nyt findested. 13 frl. på under ½ m²,,Jørgen Vingborg,Jørgen Vingborg,https://svampe.databasen.org/observations/9188792,1
DMS-9189393,,2017-04-02T00:00:00.000Z,approved,14454,Gyromitra esculenta,,ægte stenmorkel,LC,Hårup Sande,Denmark,56.16889106982405,9.607689874246716,5,Torbjørn Borgen,jord eller humus,levende hegn,,"I randen af sandet sti med havebuske. ældre skovfyr nær den anden side af stien, 7-8 unge og yngre eks. i række","Frugtlegemer mere eller mindre mørkt brune, formentlig endnu umodne - Jeg har ikke set den før på det sted, til gengæld var der ikke skygge af arten andre steder i og ved Hårup Sande - Fællestur med Edith Gudjonsdottir og Torbjørn Borgen - fotograferet 5.4.17",,Torbjørn Borgen,https://svampe.databasen.org/observations/9189393,1
DMS-9189431,,2017-04-02T00:00:00.000Z,approved,14454,Gyromitra esculenta,,ægte stenmorkel,LC,Sønderskovgård (Sønderskov Hovedgård),Denmark,55.45231,9.0379285,250,Eva Lau Olsen,træflis og savsmuld,park/kirkegård,,,,Eva Lau Olsen,Eva Lau Olsen,https://svampe.databasen.org/observations/9189431,1
DMS-9189976,,2017-04-12T00:00:00.000Z,approved,14454,Gyromitra esculenta,,ægte stenmorkel,LC,Kompedal Plantage,Denmark,56.23805556,9.26611111,15,Thomas Stjernegaard Jeppesen,jord eller humus,nåleskov/plantage,,,,Thomas Stjernegaard Jeppesen,Thomas Stjernegaard Jeppesen,https://svampe.databasen.org/observations/9189976,1
DMS-9190124,,2017-04-13T00:00:00.000Z,approved,14454,Gyromitra esculenta,,ægte stenmorkel,LC,Tisvilde Hegn,Denmark,56.04401667,12.06722167,15,Benny T. Olsen,jord eller humus,nåleskov/plantage,fyr (Pinus),,,Benny T. Olsen,Benny T. Olsen,https://svampe.databasen.org/observations/9190124,1
DMS-9190212,,2017-04-14T00:00:00.000Z,approved,14454,Gyromitra esculenta,,ægte stenmorkel,LC,Ulfborg Plantage,Denmark,56.28203344837359,8.419145308434963,25,Morten Christensen,jord eller humus,nåleskov/plantage,omorikagran (Picea omorika),,,Morten Christensen,Morten Christensen,https://svampe.databasen.org/observations/9190212,1
DMS-9190122,,2017-04-13T00:00:00.000Z,approved,14454,Gyromitra esculenta,,ægte stenmorkel,LC,Tisvilde Hegn,Denmark,56.05106167,12.08531667,15,Benny T. Olsen,jord eller humus,nåleskov/plantage,gran (Picea),"Omkring og under stablede af granstammer, langs stien. Store frugtlegemer med kraftig tyk stok.
Anne Storgaard har mikroskoperet et frugtlegeme og det er ægte stenmorkel. Jeg overgiver mig.",,Benny T. Olsen,Thomas Kehlet,https://svampe.databasen.org/observations/9190122,1
DMS-9190335,,2017-04-17T00:00:00.000Z,approved,14454,Gyromitra esculenta,,ægte stenmorkel,LC,Silkeborg Nordskov,Denmark,56.165471235209296,9.5975661277771,10,Morten Strandberg,jord eller humus,nåleskov/plantage,fyr (Pinus),Også lærk til stede,,Morten Strandberg,Morten Strandberg,https://svampe.databasen.org/observations/9190335,1
DMS-9190349,,2017-04-17T00:00:00.000Z,approved,14454,Gyromitra esculenta,,ægte stenmorkel,LC,Tisvilde Hegn,Denmark,56.04769133044096,12.086918950080872,100,Dan Ingemann Jensen,jord eller humus,nåleskov med naturskovspræg,fyr (Pinus),,Ifm. med fantastisk tur med svampeforeningen.,Dan Ingemann Jensen,Dan Ingemann Jensen,https://svampe.databasen.org/observations/9190349,1
DMS-9190604,,2017-04-21T00:00:00.000Z,approved,14454,Gyromitra esculenta,,ægte stenmorkel,LC,Sebberkloster Hede,Denmark,56.96952101181508,9.515301704668673,25,Per Taudal Poulsen,"løv- eller nåledække, løse blade og nåle",blandskov (med løv- og nåletræer),,,Ved spejderlejren. Ganske talrig :-),Per Taudal Poulsen,Per Taudal Poulsen,https://svampe.databasen.org/observations/9190604,1
DMS-9190620,,2017-04-21T00:00:00.000Z,approved,14454,Gyromitra esculenta,,ægte stenmorkel,LC,Klosterheden,Denmark,56.486601812026976,8.359096280837548,5,Peter Lange,jord eller humus,blandskov (med løv- og nåletræer),,i vejrabat med græs og skovbund lige ved NST kontor Sønderby Gammel Landevej,,Peter Lange,Peter Lange,https://svampe.databasen.org/observations/9190620,1
DMS-9190732,,2017-04-22T00:00:00.000Z,approved,14454,Gyromitra esculenta,,ægte stenmorkel,LC,Kompedal Plantage,Denmark,56.22671014,9.27455689,15,Benjamin Nørgaard Bording,jord eller humus,vejkant,,,,Benjamin Nørgaard Bording,Benjamin Nørgaard Bording,https://svampe.databasen.org/observations/9190732,1
DMS-9192404,,2017-05-12T00:00:00.000Z,approved,14454,Gyromitra esculenta,,ægte stenmorkel,LC,Klosterheden,Denmark,56.47736,8.381538,2500,Kim Henriksen,"løv- eller nåledække, løse blade og nåle",nåleskov/plantage,,,De var desværre alle i en dårlig forfatning,Kim Henriksen,Kim Henriksen,https://svampe.databasen.org/observations/9192404,1
DMS-9192454,,2017-05-13T00:00:00.000Z,approved,14454,Gyromitra esculenta,,ægte stenmorkel,LC,Additnæs,Denmark,56.05790048919849,9.653505199821666,75,Jens Mårbjerg,jord eller humus,nåleskov/plantage,gran (Picea),"På en plet, hvor der har været en træstak, se foto.",Sporer tjekket i mikroskopet,Jens Mårbjerg,Jens Mårbjerg,https://svampe.databasen.org/observations/9192454,1
DMS-9192548,,2017-05-13T00:00:00.000Z,approved,14454,Gyromitra esculenta,,ægte stenmorkel,LC,Søby Sø,Denmark,56.038822027777336,9.06636469066143,50,Thomas Kehlet,jord eller humus,nåleskov/plantage,fyr (Pinus),,Mikro.,Thomas Kehlet,Thomas Kehlet,https://svampe.databasen.org/observations/9192548,1
DMS-9210626,,2017-04-23T00:00:00.000Z,approved,14454,Gyromitra esculenta,,ægte stenmorkel,LC,Paradisbakker,Denmark,55.083427739534685,15.08237510919571,75,Rene Kornbek Meyer,"løv- eller nåledække, løse blade og nåle",blandskov (med løv- og nåletræer),,Fugtigt miljø i sænkning,,Rene Kornbek Meyer,Rene Kornbek Meyer,https://svampe.databasen.org/observations/9210626,1
DMS-9315205,,2018-04-22T00:00:00.000Z,approved,14454,Gyromitra esculenta,,ægte stenmorkel,LC,Kompedal Plantage,Denmark,56.22807311182968,9.282434731721878,25,Erik Arnfred Thomsen,jord eller humus,nåleskov/plantage,,,,Erik Arnfred Thomsen,Erik Arnfred Thomsen,https://svampe.databasen.org/observations/9315205,1
DMS-9315206,,2018-04-22T00:00:00.000Z,approved,14454,Gyromitra esculenta,,ægte stenmorkel,LC,Kompedal Plantage,Denmark,56.227250066100254,9.283057004213331,25,Erik Arnfred Thomsen,jord eller humus,nåleskov/plantage,,I jordfure,,Erik Arnfred Thomsen,Erik Arnfred Thomsen,https://svampe.databasen.org/observations/9315206,1
DMS-9315539,,2018-04-27T00:00:00.000Z,approved,14454,Gyromitra esculenta,,ægte stenmorkel,LC,Tisvilde Hegn,Denmark,56.04790704483658,12.07412910356652,50,Benny T. Olsen,jord eller humus,nåleskov/plantage,fyr (Pinus),Kendt voksested ca. 20 frugtlegemer fremme.,,Benny T. Olsen,Benny T. Olsen,https://svampe.databasen.org/observations/9315539,1
DMS-9315557,,2018-04-27T00:00:00.000Z,approved,14454,Gyromitra esculenta,,ægte stenmorkel,LC,"Tisvilde Hegn, Røhls Dam",Denmark,56.04337678921527,12.074370235204697,75,Tom Smidth,jord eller humus,nåleskov/plantage,fyr (Pinus),,,"Tom Smidth, Anne Storgaard, Ole Sparre Pedersen",Tom Smidth,https://svampe.databasen.org/observations/9315557,1
DMS-9315649,,2018-04-28T00:00:00.000Z,approved,14454,Gyromitra esculenta,,ægte stenmorkel,LC,Tisvilde Hegn,Denmark,56.04999222180694,12.084291726350784,75,Dan Ingemann Jensen,jord eller humus,nåleskov/plantage,fyr (Pinus),,,Dan Ingemann Jensen,Anne Storgaard,https://svampe.databasen.org/observations/9315649,1
DMS-9316042,,2018-05-03T00:00:00.000Z,approved,14454,Gyromitra esculenta,,ægte stenmorkel,LC,Ulfborg Plantage,Denmark,56.26216029270129,8.357141017913818,25,Eva og Fjord Josephsen,jord eller humus,nåleskov med naturskovspræg,,I lyng på sand,ca. 20 arter i området mellem de 2 skydebaner.,Eva og Fjord Josephsen,Eva og Fjord Josephsen,https://svampe.databasen.org/observations/9316042,1
DMS-9316134,,2018-05-05T00:00:00.000Z,approved,14454,Gyromitra esculenta,,ægte stenmorkel,LC,Sebberkloster Hede,Denmark,56.96888940856828,9.515808106516488,75,Per Taudal Poulsen,jord eller humus,blandskov (med løv- og nåletræer),,,Altid nær Skovfyr,Per Taudal Poulsen,Per Taudal Poulsen,https://svampe.databasen.org/observations/9316134,1
DMS-9330996,,2018-05-03T00:00:00.000Z,expert approved,14454,Gyromitra esculenta,,ægte stenmorkel,LC,Ulfborg Plantage,Denmark,56.25822732978787,8.380165100097656,100,Tina Larsen,jord eller humus,nåleskov/plantage,fyr (Pinus),,Mørk rød/brun med en uregelmæssig form( hjerne). Stok fint fnugget og hvid. Jeg synes den havde en behagelig duft.,Tina Larsen,Tina Larsen,https://svampe.databasen.org/observations/9330996,1
DMS-10001694,,1991-05-08T00:00:00.000Z,approved,14454,Gyromitra esculenta,,ægte stenmorkel,LC,Tisvilde Hegn,Denmark,56.045725877052725,12.079124450683594,75,Benny T. Olsen,jord eller humus,nåleskov/plantage,fyr (Pinus),,,Benny T. Olsen,Benny T. Olsen,https://svampe.databasen.org/observations/10001694,1
DMS-10004557,,1992-04-25T00:00:00.000Z,approved,14454,Gyromitra esculenta,,ægte stenmorkel,LC,Tisvilde Hegn,Denmark,56.04888972848596,12.100547793670556,75,Benny T. Olsen,jord eller humus,nåleskov/plantage,fyr (Pinus),Midt i græsplæne på sommerhusgrund. ,,Benny T. Olsen,Benny T. Olsen,https://svampe.databasen.org/observations/10004557,1
DMS-10004646,,2016-04-12T00:00:00.000Z,approved,14454,Gyromitra esculenta,,ægte stenmorkel,LC,Vejlbo Mose,Denmark,56.15465717814906,9.557831212878227,50,Morten Strandberg,jord eller humus,blandskov (med løv- og nåletræer),fyr (Pinus),,,Morten Strandberg,Morten Strandberg,https://svampe.databasen.org/observations/10004646,1
DMS-10006475,,2019-03-10T00:00:00.000Z,approved,14454,Gyromitra esculenta,,ægte stenmorkel,LC,Kompedal Plantage,Denmark,56.22293176838024,9.283876419067385,75,Niels V. Mogensen,jord eller humus,nåleskov/plantage,gran (Picea),,,Niels V. Mogensen,Niels V. Mogensen,https://svampe.databasen.org/observations/10006475,1
DMS-10007842,,2019-03-19T00:00:00.000Z,approved,14454,Gyromitra esculenta,,ægte stenmorkel,LC,Tisvilde Hegn,Denmark,56.04155494915702,12.07658439874649,100,Anne Storgaard,jord eller humus,nåleskov/plantage,fyr (Pinus),,"Endnu for ung til at jeg kan tjekke sporerne, men findestedet er ikke langt fra de andre kendte mycelier i skoven. Vi har tur her om 5½ uge, så hvis de stadig er på voksestedet, så må det være muligt at få et sikkert navn på.",Anne Storgaard,Anne Storgaard,https://svampe.databasen.org/observations/10007842,1
DMS-10008229,,2019-03-20T00:00:00.000Z,approved,14454,Gyromitra esculenta,,ægte stenmorkel,LC,Funder Nørhede,Denmark,56.17059639319875,9.473442882299423,75,Tom Smidth,jord eller humus,"industriel habitat (råstofgrav, savværk mv.)",fyr (Pinus),,,Tom Smidth,Tom Smidth,https://svampe.databasen.org/observations/10008229,1
DMS-10008428,,2019-03-23T00:00:00.000Z,approved,14454,Gyromitra esculenta,,ægte stenmorkel,LC,Mariendal Havbakker,Denmark,56.04280148059525,10.267045497894289,5,Helle Kruse Nielsen,mos,græsplæne,,"Fundet i græsplænen, i haven, ved sommerhus.",,Helle Kruse Nielsen,Helle Kruse Nielsen,https://svampe.databasen.org/observations/10008428,1
DMS-10008693,,2019-03-26T00:00:00.000Z,approved,14454,Gyromitra esculenta,,ægte stenmorkel,LC,Sebberkloster Hede,Denmark,56.96893619436121,9.51637465506792,25,Per Taudal Poulsen,jord eller humus,blandskov (med løv- og nåletræer),fyr (Pinus),Ved spejderlejren,Samme sted jeg finder den hvert år ( lige nu en enkelt),Per Taudal Poulsen,Per Taudal Poulsen,https://svampe.databasen.org/observations/10008693,1
DMS-10009028,,2019-03-22T00:00:00.000Z,approved,14454,Gyromitra esculenta,,ægte stenmorkel,LC,Hvinningdal Hede,Denmark,56.17027833,9.48002333,15,Frede Scheye,jord eller humus,vejkant,fyr (Pinus),,,Frede Scheye,Frede Scheye,https://svampe.databasen.org/observations/10009028,1
DMS-10009214,,2019-03-30T00:00:00.000Z,approved,14454,Gyromitra esculenta,,ægte stenmorkel,LC,"Tisvilde Hegn, Råbjerg",Denmark,56.04634908043182,12.08011042966973,75,Margot Nielsen,jord eller humus,blandskov (med løv- og nåletræer),"birk (Betula), gran (Picea), fyr (Pinus), eg (Quercus)",,,"Margot Nielsen, Arturo Vilas, Benny T. Olsen",Margot Nielsen,https://svampe.databasen.org/observations/10009214,1
DMS-10009384,,2019-03-31T00:00:00.000Z,approved,14454,Gyromitra esculenta,,ægte stenmorkel,LC,Hobro,Denmark,56.64467205952512,9.807738661766052,5,Arne Pedersen,jord eller humus,have,,"Ret talrigt tilstede ved begyndelsen af jordskokkebed i kolonihave.En del desværre trampet i stykker af fruen,inden de blev opdaget.Indenfor 5 m. er der et par 2 m høje graner,et lille cedertræ og en lille tax.Ingen fyr.Ca 20 m væk er der en ca 15 m høj gran.","Hatten 4 x 3 x 2,5-3,0 cm.Stokken hvidgrå med en del j fastsiddende jord ned mod basis,Måler 3,0 x 1,0 cm.Behagelig lugt.",Arne Pedersen,Arne Pedersen,https://svampe.databasen.org/observations/10009384,1
DMS-10009386,,2019-03-31T00:00:00.000Z,approved,14454,Gyromitra esculenta,,ægte stenmorkel,LC,Hobro,Denmark,56.64468090807255,9.8077654838562,5,Arne Pedersen,jord eller humus,have,,"Vokser ved starten af  jordskogge bed,hvor der dannes en lille sydvendt skråning.Små gran,tax,enebær og thujer i nærheden.Ingen fyr.
Haft kolonihaven i 15 år med jordskogger det samme sted og aldrig set morkler der før i år.
3 frugtlegemer ikke trampet i stykker.Det største tidligere beskrevet.De 2 andre beskrives her.","Hatten 2,5 cm med gyratorisk foldet overflade,i brune til rustbrune farver.Stokken 1,3 x 0,8 cm hvigrå.Behagelig lugt",Arne Pedersen,Arne Pedersen,https://svampe.databasen.org/observations/10009386,1
DMS-10009390,,2019-03-31T00:00:00.000Z,approved,14454,Gyromitra esculenta,,ægte stenmorkel,LC,Hobro,Denmark,56.64468680710304,9.807738661766052,5,Arne Pedersen,jord eller humus,have,,"Værten usikker.Der er indenfor 5-6 m  små gran,cedertræ,tax og thujer.Ingen fyr.","Hatten 2,0 cm. gyratorisk foldet brun til rustbrun.Stokken hvidgrå 1,5cm x 0,4 cm.Behagelig lugt.",Arne Pedersen,Arne Pedersen,https://svampe.databasen.org/observations/10009390,1
DMS-10009456,,2019-04-01T00:00:00.000Z,approved,14454,Gyromitra esculenta,,ægte stenmorkel,LC,Vejlbo Mose,Denmark,56.15401182324923,9.557975643547252,75,Morten Strandberg,jord eller humus,blandskov (med løv- og nåletræer),fyr (Pinus),under fyr og eg,,Morten Strandberg,Morten Strandberg,https://svampe.databasen.org/observations/10009456,1
DMS-10009479,,2019-04-01T00:00:00.000Z,approved,14454,Gyromitra esculenta,,ægte stenmorkel,LC,Hobro,Denmark,56.64466911000885,9.807744026184082,5,Arne Pedersen,jord eller humus,have,,"På randen af jordskokkebed.Ingen fyr,men  små gran,enebær, og tax indenfor 5-6 m.","Rødbrun hat,gyratorisk foldet.Måler 5 x 3 x 4 cm.Stokken hvid,kort 2 cm x 1 cm.Lugt behagelig.",Arne Pedersen,Arne Pedersen,https://svampe.databasen.org/observations/10009479,1
DMS-10009493,,2019-04-01T00:00:00.000Z,approved,14454,Gyromitra esculenta,,ægte stenmorkel,LC,"Indelukket, Silkeborg (Remstrup Å)",Denmark,56.157582053577485,9.56136167049408,5,Morten Strandberg,jord eller humus,blandskov (med løv- og nåletræer),fyr (Pinus),Under eg og fyr,,Morten Strandberg,Morten Strandberg,https://svampe.databasen.org/observations/10009493,1
DMS-10009496,,2019-04-01T00:00:00.000Z,approved,14454,Gyromitra esculenta,,ægte stenmorkel,LC,"Nordskoven, Silkeborg",Denmark,56.1656653824456,9.597507119178772,5,Morten Strandberg,jord eller humus,nåleskov/plantage,fyr (Pinus),Vejkant under skovfyr,,Morten Strandberg,Morten Strandberg,https://svampe.databasen.org/observations/10009496,1
DMS-10009545,,2019-04-02T00:00:00.000Z,approved,14454,Gyromitra esculenta,,ægte stenmorkel,LC,Thorsø Bakker,Denmark,56.11984034653588,9.526262283325195,50,Morten Strandberg,jord eller humus,pilemose/-krat,"rød-gran (Picea abies), pil (Salix)",På rodkagen af væltet pil,Usædvanligt voksested,Morten Strandberg,Morten Strandberg,https://svampe.databasen.org/observations/10009545,1
DMS-10009642,,2019-04-03T00:00:00.000Z,approved,14454,Gyromitra esculenta,,ægte stenmorkel,LC,Tisvilde Hegn,Denmark,56.04652645244607,12.080377577949548,25,Jørgen Vingborg,jord eller humus,nåleskov/plantage,fyr (Pinus),"4 frugtlegemer på 6-8 m² - kendt voksested
i krydset Lars Anders linie og Skovnæsvej.","Længere fremme ca. 100 m før Stængehagevej - yderligere 5 frugtlegemer
på SØ siden af linien",Jørgen Vingborg,Jørgen Vingborg,https://svampe.databasen.org/observations/10009642,1
DMS-10009865,,2019-04-05T00:00:00.000Z,approved,14454,Gyromitra esculenta,,ægte stenmorkel,LC,Oksbøl By,Denmark,55.62725,8.280994,2500,Pernille Norman Hansen,jord eller humus,nåleskov/plantage,ædelgran (Abies),,Mørk brun hat der er hjerne formet. Stok lys ægget farvet og rillet. Duft sødlig,Pernille Norman Hansen,Pernille Norman Hansen,https://svampe.databasen.org/observations/10009865,1
DMS-10009916,,2019-04-05T00:00:00.000Z,approved,14454,Gyromitra esculenta,,ægte stenmorkel,LC,Søllerød,Denmark,55.81183256967895,12.49199151992798,25,Lisbeth Brendstrup,træflis og savsmuld,park/kirkegård,kastanie (Castanea),,"talrige frl mellem stenene på nordsiden af relativt nyanlagt stendige fyldt med nåletræsflis - og voksende 0,5meter ud i græsset.
Sporerne ellipsoidiske, hyaline, glatte uden vedhæng ved polerne,  måler kun 12-15 x 7-9µm, men ligger ikke frit i præparatet.
Først fundet af Aksel - er virkelig et besøg værd.","Lisbeth Brendstrup, Jørn Berril",Lisbeth Brendstrup,https://svampe.databasen.org/observations/10009916,1
DMS-10010051,,2019-04-07T00:00:00.000Z,approved,14454,Gyromitra esculenta,,ægte stenmorkel,LC,Tisvilde Hegn,Denmark,56.04888972848596,12.06585556268692,75,Dan Ingemann Jensen,jord eller humus,nåleskov/plantage,,,,Dan Ingemann Jensen,Torbjørn Borgen,https://svampe.databasen.org/observations/10010051,1
DMS-10010055,,2019-04-07T00:00:00.000Z,approved,14454,Gyromitra esculenta,,ægte stenmorkel,LC,Tisvilde Hegn,Denmark,56.04462326179747,12.059933245182036,75,Dan Ingemann Jensen,jord eller humus,nåleskov/plantage,,,,Dan Ingemann Jensen,Dan Ingemann Jensen,https://svampe.databasen.org/observations/10010055,1
DMS-10010057,,2019-04-07T00:00:00.000Z,approved,14454,Gyromitra esculenta,,ægte stenmorkel,LC,Kollen,Denmark,55.76869444,9.78433333,15,Camilla Skov Faldt,jord eller humus,nåleskov med naturskovspræg,,,Fundet i ung naturskov tæt på 2 fyrtræer,Camilla Skov Faldt,Camilla Skov Faldt,https://svampe.databasen.org/observations/10010057,1
DMS-10010174,,2019-04-08T00:00:00.000Z,approved,14454,Gyromitra esculenta,,ægte stenmorkel,LC,Øster Hæsinge,Denmark,55.18191233857829,10.302575211971998,10,Leif H. Sørensen,træflis og savsmuld,have,,"I flis, indkøbt i Jem&Fix og lagt på bedet i efteråret 2018.  Påfaldende var det at der var tre  meget ens bede alle med et tykt lag af flis og masser af liljer.  Det ene bed havde ikke fået nyt flis i efteråret, og her var der ikke en svamp, mens de andre myldrede de frem over alt. Så måske en JemogFix spredning.",,Leif H. Sørensen,Leif H. Sørensen,https://svampe.databasen.org/observations/10010174,1
DMS-10011113,,2019-04-21T00:00:00.000Z,approved,14454,Gyromitra esculenta,,ægte stenmorkel,LC,Hjermind Skov,Denmark,56.38718117622367,9.713228881228131,5,Jan Lyngby,jord eller humus,blandskov (med løv- og nåletræer),nåletræ (nåletræ),Den er fundet tæt på rådnende stub af nåletræ.,"Kan denne afgøres, hvis ikke, hvad skal der til for at komme en agørelse nærmere.
Går ud fra at det er noget stenmorkel. Knap 10 cm høj og ca 7-8 cm i tværsnit",Jan Lyngby,Thomas Læssøe,https://svampe.databasen.org/observations/10011113,1
DMS-10011658,,2019-04-28T00:00:00.000Z,approved,14454,Gyromitra esculenta,,ægte stenmorkel,LC,Tisvilde Hegn,Denmark,56.04222616339703,12.075966149568558,75,Anne Storgaard,jord eller humus,nåleskov/plantage,fyr (Pinus),"Flere mycelier, det største med 22 frugtlegemer",,"Anne Storgaard, Benny T. Olsen, Margot Nielsen, Arturo Vilas, Jørgen Vingborg, Anne Toft, Jørgen Mikkelsen, Kirsten Bjørnsson, Jørn Kofod",Anne Storgaard,https://svampe.databasen.org/observations/10011658,1
DMS-10012214,,2019-05-05T00:00:00.000Z,approved,14454,Gyromitra esculenta,,ægte stenmorkel,LC,Sebberkloster Hede,Denmark,56.968585299482,9.515675101429224,10,Bjarne Nielsen,jord eller humus,blandskov (med løv- og nåletræer),fyr (Pinus),2 stk,kendt mycelium,"Bjarne Nielsen, Per Taudal Poulsen",Per Taudal Poulsen,https://svampe.databasen.org/observations/10012214,1
DMS-10083253,,2020-02-18T00:00:00.000Z,approved,14454,Gyromitra esculenta,,ægte stenmorkel,LC,Vandkraftsøen,Denmark,56.3590546,8.6745447,19,Poul Secher Henriksen,jord eller humus,have,,,,Poul Secher Henriksen,Poul Secher Henriksen,https://svampe.databasen.org/observations/10083253,1
DMS-10084640,,2020-02-27T00:00:00.000Z,approved,14454,Gyromitra esculenta,,ægte stenmorkel,LC,Vejlbo Mose,Denmark,56.1543791,9.5585634,32,Morten Strandberg,jord eller humus,blandskov (med løv- og nåletræer),fyr (Pinus),,,Morten Strandberg,Morten Strandberg,https://svampe.databasen.org/observations/10084640,1
DMS-10086287,,2020-03-09T00:00:00.000Z,approved,14454,Gyromitra esculenta,,ægte stenmorkel,LC,Tisvilde Hegn,Denmark,56.05080708792247,12.08515003323555,75,Benny T. Olsen,jord eller humus,blandskov (med løv- og nåletræer),,"Ved gammel stabelplads. Frugtlegeme umodent, bestemt på grundlag af voksested og hymeniets mørkebrune farve.",,"Benny T. Olsen, Anne Storgaard",Benny T. Olsen,https://svampe.databasen.org/observations/10086287,1
DMS-10086407,,2020-03-10T00:00:00.000Z,approved,14454,Gyromitra esculenta,,ægte stenmorkel,LC,Tibirke Bakker,Denmark,56.03266025813342,12.097715511918068,50,Ole Martin,jord eller humus,overdrev,,Nogle få på jord iblandet gammel flis,Ligner umiskendeligt de Stenmorkler jeg tidligere i år fandt på Melby Overdrev,Ole Martin,Aksel Jørgensen,https://svampe.databasen.org/observations/10086407,1
DMS-10086828,,2020-03-15T00:00:00.000Z,approved,14454,Gyromitra esculenta,,ægte stenmorkel,LC,Præsteskov,Denmark,55.257258075340886,10.17497498543018,10,Mikael Schneider,jord eller humus,overdrev,,,,Mikael Schneider,Mikael Schneider,https://svampe.databasen.org/observations/10086828,1
DMS-10086845,,2020-03-15T00:00:00.000Z,approved,14454,Gyromitra esculenta,,ægte stenmorkel,LC,Pindstrup,Denmark,56.3966976293688,10.408258438110352,25,Trine Wettendorff Hougaard,bark af levende træer,blandskov (med løv- og nåletræer),,,På nordvendt vejside af grusvej,Trine Wettendorff Hougaard,Trine Wettendorff Hougaard,https://svampe.databasen.org/observations/10086845,1
DMS-10087009,,2020-03-16T00:00:00.000Z,approved,14454,Gyromitra esculenta,,ægte stenmorkel,LC,Esbjerg,Denmark,55.46933080974635,8.500993251800537,25,Tina Larsen,jord eller humus,have,,"De står i et rosen bed
","Mørk brunrød og hjerneagtig rynket. Lys stok, indvendig også lys.",Tina Larsen,Tina Larsen,https://svampe.databasen.org/observations/10087009,1
DMS-10087197,,2020-03-17T00:00:00.000Z,approved,14454,Gyromitra esculenta,,ægte stenmorkel,LC,Kompedal Plantage,Denmark,56.22777490889761,9.282395839691162,25,Niels V. Mogensen,jord eller humus,nåleskov/plantage,gran (Picea),,,Niels V. Mogensen,Niels V. Mogensen,https://svampe.databasen.org/observations/10087197,1
DMS-10087318,,2020-03-18T00:00:00.000Z,approved,14454,Gyromitra esculenta,,ægte stenmorkel,LC,Østengård Skov,Denmark,55.7163353,9.46744156,15,Tina Larsen,ved og rødder af døde træer,løvskov med naturskovspræg,pil (Salix),Voksede direkte på pil,Beskrivelse kommer senere,Tina Larsen,Tina Larsen,https://svampe.databasen.org/observations/10087318,1
DMS-10087319,,2020-03-18T00:00:00.000Z,approved,14454,Gyromitra esculenta,,ægte stenmorkel,LC,Skaven,Denmark,56.063775,9.22339167,15,Frits Sørensen,jord eller humus,nåleskov med naturskovspræg,,Voksede omkring  og hullet fra rod fra stor Gran,,Frits Sørensen,Frits Sørensen,https://svampe.databasen.org/observations/10087319,1
DMS-10087489,,2020-03-19T00:00:00.000Z,approved,14454,Gyromitra esculenta,,ægte stenmorkel,LC,"Nordskoven, Silkeborg",Denmark,56.1656026580612,9.597845077514648,25,Morten Strandberg,jord eller humus,nåleskov/plantage,fyr (Pinus),,,Morten Strandberg,Morten Strandberg,https://svampe.databasen.org/observations/10087489,1
DMS-10087847,,2020-03-22T00:00:00.000Z,approved,14454,Gyromitra esculenta,,ægte stenmorkel,LC,Tisvilde Hegn,Denmark,56.05047155690083,12.084978371858597,50,Dan Ingemann Jensen,jord eller humus,nåleskov/plantage,fyr (Pinus),,,Dan Ingemann Jensen,Dan Ingemann Jensen,https://svampe.databasen.org/observations/10087847,1
DMS-10087850,,2020-03-20T00:00:00.000Z,approved,14454,Gyromitra esculenta,,ægte stenmorkel,LC,Hoverdal Plantage,Denmark,56.17269583792645,8.402845859527588,5,David Boertmann,jord eller humus,nåleskov/plantage,,Talrige frugtlegemer (> 200) på relativt nyharvet (1-2 år) brandbælte langs vej,,"David Boertmann, Hanne Petra Katballe",David Boertmann,https://svampe.databasen.org/observations/10087850,1
DMS-10087869,,2020-03-22T00:00:00.000Z,approved,14454,Gyromitra esculenta,,ægte stenmorkel,LC,Sondrup Plantage,Denmark,55.8901784,10.0751914,55,Maja Møholt,jord eller humus,nåleskov/plantage,"fyr (Pinus), nåletræ (nåletræ)",,,Maja Møholt,Maja Møholt,https://svampe.databasen.org/observations/10087869,1
DMS-10087876,,2020-03-22T00:00:00.000Z,approved,14454,Gyromitra esculenta,,ægte stenmorkel,LC,Sondrup Plantage,Denmark,55.8871853,10.0724369,48,Maja Møholt,jord eller humus,nåleskov/plantage,fyr (Pinus),,,Maja Møholt,Maja Møholt,https://svampe.databasen.org/observations/10087876,1
DMS-10088049,,2020-03-24T00:00:00.000Z,approved,14454,Gyromitra esculenta,,ægte stenmorkel,LC,Nørup,Denmark,55.7174574,9.3040261,16,Ole Stengaard Christensen,jord eller humus,have,pil (Salix),,,Ole Stengaard Christensen,Ole Stengaard Christensen,https://svampe.databasen.org/observations/10088049,1
DMS-10088219,,2020-03-25T00:00:00.000Z,approved,14454,Gyromitra esculenta,,ægte stenmorkel,LC,Skaven,Denmark,56.06103611,9.22559167,15,Frits Sørensen,jord eller humus,nåleskov med naturskovspræg,gran (Picea),,,Frits Sørensen,Frits Sørensen,https://svampe.databasen.org/observations/10088219,1
DMS-10088323,,2020-03-23T00:00:00.000Z,approved,14454,Gyromitra esculenta,,ægte stenmorkel,LC,"Hvidbjerg, Thyholm",Denmark,56.65583333,8.51111111,15,Anton Lyhne,jord eller humus,nåleskov/plantage,,Blandet havejord,,Anton Lyhne,Margot Nielsen,https://svampe.databasen.org/observations/10088323,1
DMS-10088586,,2020-03-30T00:00:00.000Z,approved,14454,Gyromitra esculenta,,ægte stenmorkel,LC,Sebberkloster Hede,Denmark,56.96870226480896,9.516237527132034,75,Per Taudal Poulsen,jord eller humus,blandskov (med løv- og nåletræer),fyr (Pinus),Skovfyrsområde,,Per Taudal Poulsen,Per Taudal Poulsen,https://svampe.databasen.org/observations/10088586,1
DMS-10089175,,2020-04-07T00:00:00.000Z,approved,14454,Gyromitra esculenta,,ægte stenmorkel,LC,Holt,Denmark,56.04285597463482,8.98704082950835,65,Tue Rønhave Laursen,jord eller humus,blandskov (med løv- og nåletræer),,,"Med en lugt (behageligt? det ved jeg ikke), ikke særlig særpræget men bestemt tilstede",Tue Rønhave Laursen,Tue Rønhave Laursen,https://svampe.databasen.org/observations/10089175,1
DMS-10089808,,2020-04-14T00:00:00.000Z,approved,14454,Gyromitra esculenta,,ægte stenmorkel,LC,Søllerød,Denmark,55.811699938762914,12.491999499106896,5,Lisbeth Brendstrup,træflis og savsmuld,park/kirkegård,,bark i højbed,"kendt mycelie. Sidste år utallige frl - idag kun 2 ret friske vellugtend frl.
Sporer 16-23 x 8-9 µm uden vedhæng men også uden 2 fedtperler.",Lisbeth Brendstrup,Lisbeth Brendstrup,https://svampe.databasen.org/observations/10089808,1
DMS-10093142,,2020-04-06T00:00:00.000Z,approved,14454,Gyromitra esculenta,,ægte stenmorkel,LC,Tisvilde Hegn,Denmark,56.0441198834868,12.06703278265195,25,Margot Nielsen,jord eller humus,nåleskov/plantage,gran (Picea),,,Margot Nielsen,Margot Nielsen,https://svampe.databasen.org/observations/10093142,1
DMS-10175208,,2021-03-21T00:00:00.000Z,approved,14454,Gyromitra esculenta,,ægte stenmorkel,LC,Præstbjerg Plantage,Denmark,56.22300979972223,8.584570599722223,65,Nicklas boye sparre Bjørneboe,jord eller humus,nåleskov/plantage,fyr (Pinus),"I en a de der arbejdsgange,  hvor der har kørt tungt maskineri ","Dufter godt , frisk",Nicklas boye sparre Bjørneboe,Nicklas boye sparre Bjørneboe,https://svampe.databasen.org/observations/10175208,1
DMS-10175515,,2021-03-23T00:00:00.000Z,approved,14454,Gyromitra esculenta,,ægte stenmorkel,LC,Skaven,Denmark,56.06383056,9.22343611,15,Frits Sørensen,jord eller humus,nåleskov/plantage,gran (Picea),"Vokser i jorden der er blevet blottet, da vinden væltede grantræet.",,Frits Sørensen,Frits Sørensen,https://svampe.databasen.org/observations/10175515,1
DMS-10176309,,2021-03-28T00:00:00.000Z,approved,14454,Gyromitra esculenta,,ægte stenmorkel,LC,Kompedal Plantage,Denmark,56.2267490730873,9.285060886759313,100,Niels V. Mogensen,jord eller humus,nåleskov/plantage,gran (Picea),Overvejende gran men også enkelte ædelgran,,Niels V. Mogensen,Niels V. Mogensen,https://svampe.databasen.org/observations/10176309,1
DMS-10176795,,2021-03-30T00:00:00.000Z,approved,14454,Gyromitra esculenta,,ægte stenmorkel,LC,"Tisvilde Hegn, Frøbakke",Denmark,56.0549357,12.0865715,65,Dan Ingemann Jensen,jord eller humus,nåleskov/plantage,fyr (Pinus),,,Dan Ingemann Jensen,Dan Ingemann Jensen,https://svampe.databasen.org/observations/10176795,1
DMS-10177812,,2021-04-04T00:00:00.000Z,approved,14454,Gyromitra esculenta,,ægte stenmorkel,LC,Bredkær Bæk,Denmark,56.476928,8.505959972222222,65,Nicklas boye sparre Bjørneboe,jord eller humus,blandskov (med løv- og nåletræer),,I det opstødende græs til grus parkeringsplads ,"Lugter godt , men man får en grim smag I munden , når man snuser til den ",Nicklas boye sparre Bjørneboe,Nicklas boye sparre Bjørneboe,https://svampe.databasen.org/observations/10177812,1
DMS-10179441,,2021-04-14T00:00:00.000Z,approved,14454,Gyromitra esculenta,,ægte stenmorkel,LC,Stensbæk Plantage,Denmark,55.26197644312887,8.957440324515206,13,Anna Vilstrup Kristensen,jord eller humus,nåleskov/plantage,gran (Picea),,"To fl. set. Hjerneagtig hat, mørk brun. Stok gråbrun og lille. Omkring 3-4 cm høj. ",Anna Vilstrup Kristensen,Anna Vilstrup Kristensen,https://svampe.databasen.org/observations/10179441,1
DMS-10179458,,2021-04-14T00:00:00.000Z,approved,14454,Gyromitra esculenta,,ægte stenmorkel,LC,Hobro,Denmark,56.64456882631829,9.80781376361847,5,Arne Pedersen,jord eller humus,have,gran (Picea),Vokser i bevoksning med jordskokker lige op til bevoksning med rød kornel.Gran og tax. indenfor få meter.Ingen fyr i nærheden.,"Hjerneagtig foldet,rødbrun,hvid ret kort stok.Behagelig duft.7 frugtlegemer fremme.Tidligere fundet på samme lokalitet.",Arne Pedersen,Arne Pedersen,https://svampe.databasen.org/observations/10179458,1
DMS-10179459,,2021-04-14T00:00:00.000Z,approved,14454,Gyromitra esculenta,,ægte stenmorkel,LC,Hobro,Denmark,56.64458947298226,9.8078191280365,5,Arne Pedersen,jord eller humus,have,gran (Picea),Ret små granner og tax indenfor få m.ingen fyr.,,Arne Pedersen,Arne Pedersen,https://svampe.databasen.org/observations/10179459,1
DMS-10179462,,2021-04-14T00:00:00.000Z,approved,14454,Gyromitra esculenta,,ægte stenmorkel,LC,Hobro,Denmark,56.64458357393656,9.80777621269226,10,Arne Pedersen,jord eller humus,have,gran (Picea),Vokser i joordskokkebed.Gran og tax i nærheden.Ingen fyr.,,Arne Pedersen,Arne Pedersen,https://svampe.databasen.org/observations/10179462,1
DMS-10179496,,2021-04-14T00:00:00.000Z,approved,14454,Gyromitra esculenta,,ægte stenmorkel,LC,Hoverdal Plantage,Denmark,56.173858333333335,8.403345,8,Thomas Vanting,jord eller humus,nåleskov/plantage,,,,Thomas Vanting,Thomas Vanting,https://svampe.databasen.org/observations/10179496,1
DMS-10179731,,2021-04-16T00:00:00.000Z,approved,14454,Gyromitra esculenta,,ægte stenmorkel,LC,Sebberkloster Hede,Denmark,56.96898298009537,9.515894204378128,75,Per Taudal Poulsen,jord eller humus,blandskov (med løv- og nåletræer),fyr (Pinus),Øksedal-spejderlejren,,Per Taudal Poulsen,Per Taudal Poulsen,https://svampe.databasen.org/observations/10179731,1
DMS-10179853,,2021-04-17T00:00:00.000Z,approved,14454,Gyromitra esculenta,,ægte stenmorkel,LC,Hobro,Denmark,56.64467205952512,9.80777621269226,5,Arne Pedersen,jord eller humus,have,gran (Picea),,,Arne Pedersen,Arne Pedersen,https://svampe.databasen.org/observations/10179853,1
DMS-10180016,,2021-04-18T00:00:00.000Z,approved,14454,Gyromitra esculenta,,ægte stenmorkel,LC,Klosterhede Plantage,Denmark,56.4679578,8.439856999722222,65,Nicklas boye sparre Bjørneboe,jord eller humus,blandskov (med løv- og nåletræer),,"I en lysning , som skiller et kort stykke løvskov fra nåle plantagen, vokser tæt på en pænt nedbrudt stub, til plantagesiden .","Synes ikle den lugtede a noget(har dårlig lugtesans ) , men fik ingen klam smag I munden , da jeg snusede til den, hvilket jeg fik ved to andre fund a stenmorkel. 

Har lagt en video på svampeliv, som viser omgivelser,  størrelse osv :)",Nicklas boye sparre Bjørneboe,Torbjørn Borgen,https://svampe.databasen.org/observations/10180016,1
DMS-10180055,,2021-04-19T00:00:00.000Z,approved,14454,Gyromitra esculenta,,ægte stenmorkel,LC,Stensbæk Plantage,Denmark,55.27796908937929,8.953962972728167,17,Anna Vilstrup Kristensen,jord eller humus,blandskov (med løv- og nåletræer),nåletræ (nåletræ),Fundet langs grusvej i plantage.. stort og gammelt nåletræ (gran) indenfor 5 m.  Mindre skovfyr også til stede.,Formodet Ægte stenmorkel. Brun og foldet hat. Stok lys og meget fast i konsistens. Hat var tynd og porøs. Havde ikke meget lugt. ,Anna Vilstrup Kristensen,Anna Vilstrup Kristensen,https://svampe.databasen.org/observations/10180055,1
DMS-10180057,,2021-04-19T00:00:00.000Z,approved,14454,Gyromitra esculenta,,ægte stenmorkel,LC,Stensbæk Plantage,Denmark,55.27796942999349,8.953797559485652,16,Anna Vilstrup Kristensen,jord eller humus,nåleskov/plantage,nåletræ (nåletræ),Gran og skovfyr i nærheden ,"Formodet Ægte stenmorkel. Mørkebrun foldet hat. Lys stok. Nænnede ikke at skære dem over - de stod så fint sammen i vejkanten. :-)

Voksede lidt længere nede af grusvejen / nok omkring 6 meter fra mit tidligere indberettet fund idag. ",Anna Vilstrup Kristensen,Anna Vilstrup Kristensen,https://svampe.databasen.org/observations/10180057,1
DMS-10180596,,2021-04-23T00:00:00.000Z,approved,14454,Gyromitra esculenta,,ægte stenmorkel,LC,Vejlbo Mose,Denmark,56.1545009623088,9.558003544807434,5,Morten Strandberg,jord eller humus,blandskov (med løv- og nåletræer),fyr (Pinus),,,Morten Strandberg,Morten Strandberg,https://svampe.databasen.org/observations/10180596,1
DMS-10180672,,2021-04-25T00:00:00.000Z,approved,14454,Gyromitra esculenta,,ægte stenmorkel,LC,Tisvilde Hegn,Denmark,56.04644495698123,12.080120220780373,50,Anne Storgaard,jord eller humus,blandskov (med løv- og nåletræer),fyr (Pinus),"Unge frugtlegemer.
Også set et andet sted på Lars Anders Linje",,"Anne Storgaard, Benny T. Olsen, Margot Nielsen, Arturo Vilas, Grith Styrck Carlsen, Kirsten Bjørnsson, Jørgen Mikkelsen, Jørn Kofod, Lenette Schunck",Anne Storgaard,https://svampe.databasen.org/observations/10180672,1
DMS-10180787,,2021-04-26T00:00:00.000Z,approved,14454,Gyromitra esculenta,,ægte stenmorkel,LC,"Nordskoven, Silkeborg",Denmark,56.16519302701351,9.597973823547363,25,Morten Strandberg,jord eller humus,blandskov (med løv- og nåletræer),fyr (Pinus),,,Morten Strandberg,Morten Strandberg,https://svampe.databasen.org/observations/10180787,1
DMS-10182301,,2021-05-09T00:00:00.000Z,approved,14454,Gyromitra esculenta,,ægte stenmorkel,LC,Ottrup Huse,Denmark,56.85165333333333,9.89235,65,Kristian Laustsen,jord eller humus,vejkant,,,,Kristian Laustsen,Kristian Laustsen,https://svampe.databasen.org/observations/10182301,1
DMS-10182385,,2021-05-09T00:00:00.000Z,expert approved,14454,Gyromitra esculenta,,ægte stenmorkel,LC,Præstbjerg Plantage,Denmark,56.224155,8.584414972222223,65,Nicklas boye sparre Bjørneboe,jord eller humus,nåleskov/plantage,nåletræ (nåletræ),,"Ret stor ( den største jeg har fundet )  giver en klam smag I munden , når jeg snuser til den .
Vokser i stort antal i området- fandt 11 igår og 3 idag",Nicklas boye sparre Bjørneboe,Nicklas boye sparre Bjørneboe,https://svampe.databasen.org/observations/10182385,1
DMS-10182503,,2021-05-10T00:00:00.000Z,approved,14454,Gyromitra esculenta,,ægte stenmorkel,LC,Skaven,Denmark,56.06255,9.22752778,15,Frits Sørensen,jord eller humus,nåleskov med naturskovspræg,gran (Picea),Voksede blandt andet i sandede huller fra vind fældede graner.,,Frits Sørensen,Frits Sørensen,https://svampe.databasen.org/observations/10182503,1
DMS-10183631,,2021-05-16T00:00:00.000Z,approved,14454,Gyromitra esculenta,,ægte stenmorkel,LC,Kronhede Plantage,Denmark,56.4871171733301,8.320686578226741,10,Julie Hilligsøe Lisby,jord eller humus,nåleskov/plantage,ædelgran (Abies),"Lige op ad tæt ædelgran-plantning, eg og enkelte skovfyr til stede på den anden side af sporet.","Har ikke nogen erfaring med morkler. Jeg synes ikke umiddelbart den lugter af noget specielt andet end ""almindelig"" svampelugt.",Julie Hilligsøe Lisby,Julie Hilligsøe Lisby,https://svampe.databasen.org/observations/10183631,1
DMS-10183708,,2021-05-16T00:00:00.000Z,approved,14454,Gyromitra esculenta,,ægte stenmorkel,LC,Klosterhede Plantage,Denmark,56.46694,8.440981,65,Nicklas boye sparre Bjørneboe,ved og rødder af døde træer,nåleskov/plantage,nåletræ (nåletræ),Vokser på en væltet og meget rådden /nedbrudt stub,,Nicklas boye sparre Bjørneboe,Nicklas boye sparre Bjørneboe,https://svampe.databasen.org/observations/10183708,1
DMS-10184367,,2021-05-21T00:00:00.000Z,approved,14454,Gyromitra esculenta,,ægte stenmorkel,LC,Klosterhede Plantage,Denmark,56.46419329972223,8.452729199999998,65,Nicklas boye sparre Bjørneboe,jord eller humus,nåleskov/plantage,nåletræ (nåletræ),,"Fandt 4 stk inden for 2 Meters afstand,  i en a de der arbejdsgange som er i en plantagen ",Nicklas boye sparre Bjørneboe,Nicklas boye sparre Bjørneboe,https://svampe.databasen.org/observations/10184367,1
DMS-10184577,,2021-05-23T00:00:00.000Z,approved,14454,Gyromitra esculenta,,ægte stenmorkel,LC,Brokgraven,Denmark,55.8908171,10.0681426,25,Julie Hansen,træflis og savsmuld,nåleskov med naturskovspræg,,,,Julie Hansen,Julie Hansen,https://svampe.databasen.org/observations/10184577,1
DMS-10268421,,2022-03-22T00:00:00.000Z,approved,14454,Gyromitra esculenta,,ægte stenmorkel,LC,Kompedal Plantage,Denmark,56.22627193079447,9.26992035121657,75,Niels V. Mogensen,jord eller humus,nåleskov/plantage,ædelgran (Abies),,,Niels V. Mogensen,Niels V. Mogensen,https://svampe.databasen.org/observations/10268421,1
DMS-10271048,,2022-04-13T00:00:00.000Z,approved,14454,Gyromitra esculenta,,ægte stenmorkel,LC,"Tisvilde Hegn, Frøbakke",Denmark,56.05375465492604,12.082108072936537,5,Dan Ingemann Jensen,jord eller humus,nåleskov/plantage,fyr (Pinus),"Appen vil ikke finde den rette position, men det er  et af de kendte steder lige ved mountainbike sporet",,,Dan Ingemann Jensen,https://svampe.databasen.org/observations/10271048,1
DMS-10271054,,2022-04-13T00:00:00.000Z,approved,14454,Gyromitra esculenta,,ægte stenmorkel,LC,Ejsbølgård,Denmark,55.25825833333333,9.474096666666666,5,Helle Jepsen,jord eller humus,have,"bøg (Fagus), mirabel (Prunus cerasifera)",,,Helle Jepsen,Helle Jepsen,https://svampe.databasen.org/observations/10271054,1
DMS-10271240,,2022-04-11T00:00:00.000Z,approved,14454,Gyromitra esculenta,,ægte stenmorkel,LC,Vodskov,Denmark,57.11070717344184,10.016921994974837,75,Susanne Rabenborg,jord eller humus,have,,,,P. D. Rabenborg,P. D. Rabenborg,https://svampe.databasen.org/observations/10271240,1
DMS-10271418,,2022-04-17T00:00:00.000Z,approved,14454,Gyromitra esculenta,,ægte stenmorkel,LC,Klosterhede Plantage,Denmark,56.464916,8.4427,15,Nicklas boye sparre Bjørneboe,jord eller humus,nåleskov/plantage,nåletræ (nåletræ),"Både gran, ædelgran  og fyr til stede.
Sandet jord",Har en ret kraftig men yderst behagelig duft,Nicklas boye sparre Bjørneboe,Nicklas boye sparre Bjørneboe,https://svampe.databasen.org/observations/10271418,1
DMS-10271582,,2022-04-18T00:00:00.000Z,approved,14454,Gyromitra esculenta,,ægte stenmorkel,LC,Pallisbjerg Plantage,Denmark,56.260605,8.359266666666667,5,Elisabeth Borch,jord eller humus,nåleskov med naturskovspræg,,,Kendt voksested. Ialt  set 18 frugtlegemer. Behagelig duft. Ingen sammenhængende hulhed. ,Elisabeth Borch,Elisabeth Borch,https://svampe.databasen.org/observations/10271582,1
DMS-10271683,,2022-04-18T00:00:00.000Z,approved,14454,Gyromitra esculenta,,ægte stenmorkel,LC,Kompedal Plantage,Denmark,56.26223179737661,9.24843706190586,50,Torbjørn Borgen,jord eller humus,nåleskov/plantage,gran (Picea),Et ungt eks. ved rodhals af død gran,"Kun et ungt eks. i løbet af 3-4 timer, foto NVM","Torbjørn Borgen, Niels V. Mogensen, Henrik F. Gøtzsche",Torbjørn Borgen,https://svampe.databasen.org/observations/10271683,1
DMS-10271851,,2022-04-22T00:00:00.000Z,approved,14454,Gyromitra esculenta,,ægte stenmorkel,LC,Kirkeskov ved Hvalsø,Denmark,55.62177480641457,11.88397228717804,5,Kirsten Christoffersen,træflis og savsmuld,græsplæne,,Gro i græsplane tæt ved bed med flis,,Kirsten Christoffersen,Kirsten Christoffersen,https://svampe.databasen.org/observations/10271851,1
DMS-10271874,,2022-04-22T00:00:00.000Z,approved,14454,Gyromitra esculenta,,ægte stenmorkel,LC,Sebberkloster Hede,Denmark,56.96893619436121,9.516666680574415,75,Per Taudal Poulsen,jord eller humus,blandskov (med løv- og nåletræer),fyr (Pinus),sidste billede,"som vanligt ved spejderlejren, men foreløbig kun 3 i det knastørre...",Per Taudal Poulsen,Per Taudal Poulsen,https://svampe.databasen.org/observations/10271874,1
DMS-10272081,,2022-04-24T00:00:00.000Z,approved,14454,Gyromitra esculenta,,ægte stenmorkel,LC,"Tisvilde Hegn, Runde Elle",Denmark,56.04417980982056,12.076510973274708,25,Anne Storgaard,jord eller humus,nåleskov/plantage,fyr (Pinus),,"3 frugtlegemer på 3 mycelier i alt set på turen. Det ene frugtlegeme meget kraftig og med tyk stok, så jeg tog et stykke med hjem for at kontrollere for en sikkerheds skyld. Sporer smalt ellipsoidiske med oliedråber og uden vedhæng i enderne. 20,5-24 x 10-11 µm.","Anne Storgaard, Lisbeth Brendstrup, Jørn Berril, Egon Christensen, Kirsten Bjørnsson, Benny T. Olsen, Henny Tang Lohse, Jørgen Vingborg, Jørgen Mikkelsen",Anne Storgaard,https://svampe.databasen.org/observations/10272081,1
DMS-10271902,,2022-04-23T00:00:00.000Z,expert approved,14454,Gyromitra esculenta,,ægte stenmorkel,LC,Skaven,Denmark,56.06999167,9.22295556,15,Frits Sørensen,jord eller humus,nåleskov/plantage,gran (Picea),"Fundet ensom i et gravet hul, hvor der i tidligere tider er gravet grus.
Belæg haves",,Frits Sørensen,Thomas Læssøe,https://svampe.databasen.org/observations/10271902,1
DMS-10272505,,2022-04-29T00:00:00.000Z,expert approved,14454,Gyromitra esculenta,,ægte stenmorkel,LC,Kompedal,Denmark,56.1592613,9.6932827,26,Ditte Grube Barild,jord eller humus,nåleskov/plantage,,,Lugt neutral svampeagtig,,Nicklas boye sparre Bjørneboe,https://svampe.databasen.org/observations/10272505,1
DMS-10273047,,2022-05-06T00:00:00.000Z,approved,14454,Gyromitra esculenta,,ægte stenmorkel,LC,Lærkehøj,Denmark,56.262089,8.4683977,4,Morten Swayne Storgaard,jord eller humus,nåleskov/plantage,,,,Morten Swayne Storgaard,Morten Swayne Storgaard,https://svampe.databasen.org/observations/10273047,1
DMS-10273646,,2022-05-11T00:00:00.000Z,approved,14454,Gyromitra esculenta,,ægte stenmorkel,LC,Klovnehøj,Denmark,56.52560278,8.895425,15,Leif B Nielsen,jord eller humus,nåleskov/plantage,rød-gran (Picea abies),I kant af skovvej med mest Rødgran tæt ved.,Synes ikke der nogen lugt,Leif B Nielsen,Tobias Bøllingtoft,https://svampe.databasen.org/observations/10273646,1
DMS-10349687,,2023-03-25T00:00:00.000Z,approved,14454,Gyromitra esculenta,,ægte stenmorkel,LC,Kompedal Plantage,Denmark,56.22603335742,9.284254076192154,75,Niels V. Mogensen,jord eller humus,nåleskov/plantage,ædelgran (Abies),,,Niels V. Mogensen,Niels V. Mogensen,https://svampe.databasen.org/observations/10349687,1
DMS-10350504,,2023-04-01T00:00:00.000Z,approved,14454,Gyromitra esculenta,,ægte stenmorkel,LC,Søndergårde,Denmark,56.73168251422151,10.112260310270358,25,Ken A. Alminde,ved og rødder af døde træer,nåleskov/plantage,fyr (Pinus),Under fyr på sandbund. Formentligt på begravet ved.,Behagelig svampeagtig duft.,Ken A. Alminde,Ken A. Alminde,https://svampe.databasen.org/observations/10350504,1
DMS-10350829,,2023-04-05T00:00:00.000Z,approved,14454,Gyromitra esculenta,,ægte stenmorkel,LC,Andkær Skovby,Denmark,55.68310111641771,9.637002646923063,100,Mads Flummer,ved og rødder af levende træer,nåleskov/plantage,,,,Mads Flummer,Mads Flummer,https://svampe.databasen.org/observations/10350829,1
DMS-10351582,,2023-04-14T00:00:00.000Z,approved,14454,Gyromitra esculenta,,ægte stenmorkel,LC,Gludsted Plantage,Denmark,56.06100606955036,9.313216716997209,17,Thomas Læssøe,ved og rødder af døde træer,nåleskov/plantage,,,,Thomas Læssøe,Thomas Læssøe,https://svampe.databasen.org/observations/10351582,1
DMS-10351681,,2023-04-15T00:00:00.000Z,approved,14454,Gyromitra esculenta,,ægte stenmorkel,LC,"Tisvilde Hegn, Runde Elle",Denmark,56.04629444,12.0802,15,Anne Storgaard,jord eller humus,blandskov (med løv- og nåletræer),fyr (Pinus),,"5 mycelier især langs Lars Anders linje med i alt 16 unge frugtlegemer. Jeg håber, at de kan holde sig til foreningsturen den 23. april.",Anne Storgaard,Anne Storgaard,https://svampe.databasen.org/observations/10351681,1
DMS-10351746,,2023-04-16T00:00:00.000Z,approved,14454,Gyromitra esculenta,,ægte stenmorkel,LC,Biowide 086 Tisvilde Hegn,Denmark,56.04503249972222,12.07783429972222,65,Dan Ingemann Jensen,jord eller humus,nåleskov/plantage,,,,Dan Ingemann Jensen,Dan Ingemann Jensen,https://svampe.databasen.org/observations/10351746,1
DMS-10352042,,2023-04-18T00:00:00.000Z,approved,14454,Gyromitra esculenta,,ægte stenmorkel,LC,Sølsted,Denmark,55.02475044092291,8.843135833740234,50,Ole Martin,jord eller humus,overdrev,rynket rose (Rosa rugosa),I et krat med Rynket rose,,Ole Martin,Ole Martin,https://svampe.databasen.org/observations/10352042,1
DMS-10352112,,2023-04-21T00:00:00.000Z,expert approved,14454,Gyromitra esculenta,,ægte stenmorkel,LC,Ris (Riis) Krat,Denmark,55.82923666666667,9.30463,5,leah schmidt,jord eller humus,nåleskov/plantage,"fyr (Pinus), eg (Quercus)",,I bund af eg og mirabelle,leah schmidt,leah schmidt,https://svampe.databasen.org/observations/10352112,1
DMS-10352291,,2023-04-20T00:00:00.000Z,approved,14454,Gyromitra esculenta,,ægte stenmorkel,LC,Liseleje Plantage,Denmark,56.0109963498145,11.985143735873862,10,Susanne Rabenborg,jord eller humus,nåleskov/plantage,skov-fyr (Pinus sylvestris),,"5 frugtlegemer fremme på dette mycelium, yderligere 2 mycelier indenfor radius af 500 m.",P. D. Rabenborg,P. D. Rabenborg,https://svampe.databasen.org/observations/10352291,1
DMS-10352537,,2023-04-23T00:00:00.000Z,approved,14454,Gyromitra esculenta,,ægte stenmorkel,LC,Sebberkloster Hede,Denmark,56.96874905083693,9.516224451363088,25,Per Taudal Poulsen,jord eller humus,nåleskov med naturskovspræg,fyr (Pinus), se billedet,,Per Taudal Poulsen,Per Taudal Poulsen,https://svampe.databasen.org/observations/10352537,1
DMS-10352565,,2023-04-29T00:00:00.000Z,approved,14454,Gyromitra esculenta,,ægte stenmorkel,LC,Kulsø,Denmark,56.031866666666666,9.492896666666669,5,Uffe Nygaard,jord eller humus,grøft,nåletræ (nåletræ),,Ø +10cm. Har taget belæg. ,Uffe Nygaard,Uffe Nygaard,https://svampe.databasen.org/observations/10352565,1
DMS-10352596,,2023-04-22T00:00:00.000Z,approved,14454,Gyromitra esculenta,,ægte stenmorkel,LC,Frederikshåb Plantage,Denmark,55.67603167,9.199025,15,Frede Scheye,jord eller humus,nåleskov/plantage,nåletræ (nåletræ),Ved grusvej,Lille rødbrun hjerneagtigt foldet velduftende stenmorkel med kort hvid tyk noget furet stok.,Frede Scheye,Frede Scheye,https://svampe.databasen.org/observations/10352596,1
DMS-10353097,,2023-04-30T00:00:00.000Z,approved,14454,Gyromitra esculenta,,ægte stenmorkel,LC,Velling Skov,Denmark,56.0369805,9.521555,5,Uffe Nygaard,jord eller humus,grøft,gran (Picea),,,Uffe Nygaard,Uffe Nygaard,https://svampe.databasen.org/observations/10353097,1
DMS-10353110,,2023-04-30T00:00:00.000Z,approved,14454,Gyromitra esculenta,,ægte stenmorkel,LC,Nørholm Enge,Denmark,57.03667877763153,9.76782202720642,10,Mogens Frost Christensen,jord eller humus,blandskov (med løv- og nåletræer),,,,Mogens Frost Christensen,Mogens Frost Christensen,https://svampe.databasen.org/observations/10353110,1
DMS-10353153,,2023-04-30T00:00:00.000Z,approved,14454,Gyromitra esculenta,,ægte stenmorkel,LC,Hoverdal Plantage,Denmark,56.17124,8.40240833,15,Eva og Fjord Josephsen,"urtestængler, græsstrå mv.",nåleskov/plantage,,"På kanten foran grantræer, men på græs og sandet jord","På en strækning på 200m var der ca. 200 af slagsen. Mange store eksemplarer, se foto.",Eva og Fjord Josephsen,Eva og Fjord Josephsen,https://svampe.databasen.org/observations/10353153,1
DMS-10353468,,2023-05-03T00:00:00.000Z,expert approved,14454,Gyromitra esculenta,,ægte stenmorkel,LC,Stokkerhoved,Denmark,55.26028628931904,9.427893608817296,5,Susanne Strøm,jord eller humus,levende hegn,,tjørn plus stor kvasdynge/skovbryn-levende hegn,Der lå en kæmpe gammel bunke af grene  tæt ved,Susanne Strøm,Susanne Strøm,https://svampe.databasen.org/observations/10353468,1
DMS-10353568,,2023-05-04T00:00:00.000Z,approved,14454,Gyromitra esculenta,,ægte stenmorkel,LC,Den Jyske Skovhave,Denmark,56.81767212223415,9.88011105966333,16,Jane Nielsen,jord eller humus,blandskov (med løv- og nåletræer),"bøg (Fagus), eg (Quercus)","Vokser i lysåbent stykke med løvtrær ud mod banearealet.
Der enkelte graner 25 -30 m væk.","Sprød, spermatisk duftende.
Klare sporer ca 20x10 my",Jane Nielsen,Jane Nielsen,https://svampe.databasen.org/observations/10353568,1
DMS-10353569,,2023-05-04T00:00:00.000Z,approved,14454,Gyromitra esculenta,,ægte stenmorkel,LC,Den Jyske Skovhave,Denmark,56.81763014696775,9.880072965787363,39,Aase Bach,jord eller humus,blandskov (med løv- og nåletræer),bøg (Fagus),Der var mange 10-20 morkler af tilsyneladende samme art i området.  Der var overvejende bøg og lidt eg hvor svampene voksede. På den anden side af skovvejen voksede der gran. ,Sporerne måler ca 10x20 my.,Aase Bach,Aase Bach,https://svampe.databasen.org/observations/10353569,1
DMS-10353571,,2023-05-04T00:00:00.000Z,approved,14454,Gyromitra esculenta,,ægte stenmorkel,LC,Den Jyske Skovhave,Denmark,56.81756666666666,9.87977,16,Jane Nielsen,jord eller humus,blandskov (med løv- og nåletræer),"bøg (Fagus), eg (Quercus)","Med løvtrær. Ret tørt ud mod banen. Mange frugtlegemer.
Der er  langt til granstykkerne.","Store.  Spermatisk duft.
Klare to-dråbede sporer. Ca 20x9 my.",Jane Nielsen,Jane Nielsen,https://svampe.databasen.org/observations/10353571,1
DMS-10353779,,2023-05-06T00:00:00.000Z,approved,14454,Gyromitra esculenta,,ægte stenmorkel,LC,Rævehøj,Denmark,56.49927648388047,8.352023363113402,10,Julie Hilligsøe Lisby,jord eller humus,nåleskov/plantage,"lærk (Larix), fyr (Pinus)",,,Julie Hilligsøe Lisby,Julie Hilligsøe Lisby,https://svampe.databasen.org/observations/10353779,1
DMS-10354193,,2023-05-03T00:00:00.000Z,approved,14454,Gyromitra esculenta,,ægte stenmorkel,LC,Store Stolbjerg,Denmark,56.25472549972222,8.487851199722222,65,Louise Bertelsen,jord eller humus,nåleskov/plantage,"fyr (Pinus), nåletræ (nåletræ)","Sandjord mellem græs i skovkanten
",,Louise Bertelsen,Louise Bertelsen,https://svampe.databasen.org/observations/10354193,1
DMS-10355934,,2023-06-06T00:00:00.000Z,expert approved,14454,Gyromitra esculenta,,ægte stenmorkel,LC,Skaven,Denmark,56.05545556,9.24130278,15,Frits Sørensen,jord eller humus,nåleskov/plantage,gran (Picea),"Et soltørret eksemplar i kanten af den knastørre plantage, samme område som mine tidligere fund.",,Frits Sørensen,Frits Sørensen,https://svampe.databasen.org/observations/10355934,1
DMS-10421202,,2024-02-24T00:00:00.000Z,approved,14454,Gyromitra esculenta,,ægte stenmorkel,LC,Skaven,Denmark,56.06136284127314,9.225219727086367,25,Frits Sørensen,jord eller humus,nåleskov med naturskovspræg,gran (Picea),Voksede i hullet under roden fra et grantræ der for nogle år siden blev lagt af vinden. På dette sted er det 4. år jeg finder denne.,,Frits Sørensen,Frits Sørensen,https://svampe.databasen.org/observations/10421202,1
DMS-10421253,,2024-02-24T00:00:00.000Z,approved,14454,Gyromitra esculenta,,ægte stenmorkel,LC,Kompedal Plantage,Denmark,56.22598564256687,9.28370475769043,75,Niels V. Mogensen,jord eller humus,nåleskov/plantage,gran (Picea),,,Niels V. Mogensen,Niels V. Mogensen,https://svampe.databasen.org/observations/10421253,1
DMS-10424721,,2024-03-17T00:00:00.000Z,approved,14454,Gyromitra esculenta,,ægte stenmorkel,LC,Klelund Plantage,Denmark,55.58941740568847,8.87615644147445,5,Ken A. Alminde,jord eller humus,nåleskov/plantage,lærk (Larix),3 eksemplarer set på tør sandet bund i lysåben lærkebeplantning.,Behagelig svampeagtig duft.,"Ken A. Alminde, Martin Liebermann",Ken A. Alminde,https://svampe.databasen.org/observations/10424721,1
DMS-10425311,,2024-03-22T00:00:00.000Z,approved,14454,Gyromitra esculenta,,ægte stenmorkel,LC,Vejlbo Mose,Denmark,56.1545336,9.5592338,65,Morten Strandberg,jord eller humus,blandskov (med løv- og nåletræer),fyr (Pinus),,,Morten Strandberg,Morten Strandberg,https://svampe.databasen.org/observations/10425311,1
DMS-10425776,,2024-03-25T00:00:00.000Z,approved,14454,Gyromitra esculenta,,ægte stenmorkel,LC,Den Jyske Skovhave,Denmark,56.81759666666667,9.880088333333331,12,Jane Nielsen,jord eller humus,blandskov (med løv- og nåletræer),"ædelgran (Abies), bøg (Fagus)","En enkelt ædelgran, ellers bøg. 
Mange gamle stubbe. ","Speciel duft. Rødbrun, hjerneagtig foldet hat. 
Lys grålig kort stok med kamre. 
Sække og sporer endnu ikke modne. Men de vokser indenfor 10-15 m af hvor de var sidste forår. 
 ",Jane Nielsen,Jane Nielsen,https://svampe.databasen.org/observations/10425776,1
DMS-10425800,,2024-03-26T00:00:00.000Z,approved,14454,Gyromitra esculenta,,ægte stenmorkel,LC,Stribsig Huse,Denmark,56.44088666666666,10.083747166666669,5,Pia Boisen Hansen,jord eller humus,blandskov (med løv- og nåletræer),,Kendt voksested.,Hundredvis i fyrrestykket nær shelterpladsen. Også på skovstien.,Pia Boisen Hansen,Pia Boisen Hansen,https://svampe.databasen.org/observations/10425800,1
DMS-10426250,,2024-03-29T00:00:00.000Z,approved,14454,Gyromitra esculenta,,ægte stenmorkel,LC,Nørholm Enge,Denmark,57.03707864981522,9.768497943878174,5,Mogens Frost Christensen,jord eller humus,blandskov (med løv- og nåletræer),,,,Mogens Frost Christensen,Mogens Frost Christensen,https://svampe.databasen.org/observations/10426250,1
DMS-10426329,,2024-03-30T00:00:00.000Z,Rejected,14454,Gyromitra esculenta,,ægte stenmorkel,LC,Ellinge Kongepart,Denmark,55.87672492741785,11.538946150859536,5,Janni Frederiksen,ved og rødder af levende træer,græsplæne,,,,Janni Frederiksen,Janni Frederiksen,https://svampe.databasen.org/observations/10426329,2
DMS-10426435,,2024-03-31T00:00:00.000Z,approved,14454,Gyromitra esculenta,,ægte stenmorkel,LC,Rebild,Denmark,56.83022833333333,9.853711666666667,4,Mette Flyvbjerg,jord eller humus,have,fyr (Pinus),,,Mette Flyvbjerg,Mette Flyvbjerg,https://svampe.databasen.org/observations/10426435,1
DMS-10427176,,2024-04-05T00:00:00.000Z,approved,14454,Gyromitra esculenta,,ægte stenmorkel,LC,Den Jyske Skovhave,Denmark,56.8176934582365,9.880236759781836,10,Søren Rytter Boeriis,jord eller humus,blandskov (med løv- og nåletræer),"ædelgran (Abies), bøg (Fagus sylvatica)",Hundeskoven i Den Jyske Skovhave,,Søren Rytter Boeriis,Søren Rytter Boeriis,https://svampe.databasen.org/observations/10427176,1
DMS-10427333,,2024-04-06T00:00:00.000Z,approved,14454,Gyromitra esculenta,,ægte stenmorkel,LC,Asserbo Plantage,Denmark,56.03081393328615,12.013516277074814,75,Ole Martin,jord eller humus,nåleskov/plantage,,,,Ole Martin,Ole Martin,https://svampe.databasen.org/observations/10427333,1
DMS-10427499,,2024-04-07T00:00:00.000Z,approved,14454,Gyromitra esculenta,,ægte stenmorkel,LC,Tisvilde Hegn,Denmark,56.05012403955156,12.085121600248383,25,Margot Nielsen,ved og rødder af døde træer,blandskov (med løv- og nåletræer),"birk (Betula), bøg (Fagus), gran (Picea), fyr (Pinus), eg (Quercus)",,"Glatte elipsoidiske sporer 20,7 (18,3x23,3) - 8,7 (7,5-9,8) µm.","Margot Nielsen, Arturo Vilas, Jacob Ryge, Lene Sommer Rosborg Bak",Margot Nielsen,https://svampe.databasen.org/observations/10427499,1
DMS-10427598,,2024-04-08T00:00:00.000Z,approved,14454,Gyromitra esculenta,,ægte stenmorkel,LC,Skæring Hede,Denmark,56.23770978099089,10.333803534376782,5,Kirsten Nielsen,jord eller humus,blandskov (med løv- og nåletræer),"birk (Betula), fyr (Pinus), eg (Quercus), røn (Sorbus)",Skovbund. Lidt fugtigt for tiden.,5 frl af tennisboldstørrelse - og nogle stykker på vej op på et par m2. - Takket være oversvømmelserne i skoven kom jeg forbi morklerne :),Kirsten Nielsen,Kirsten Nielsen,https://svampe.databasen.org/observations/10427598,1
DMS-10427701,,2024-04-07T00:00:00.000Z,expert approved,14454,Gyromitra esculenta,,ægte stenmorkel,LC,Voervadsbro,Denmark,56.01631945,9.696091666666666,4,Kevin Kuhlmann Clausen,jord eller humus,blandskov (med løv- og nåletræer),,,,Kevin Kuhlmann Clausen,Kevin Kuhlmann Clausen,https://svampe.databasen.org/observations/10427701,1
DMS-10427729,,2024-04-09T00:00:00.000Z,expert approved,14454,Gyromitra esculenta,,ægte stenmorkel,LC,Skårup,Denmark,55.087343919175,10.689642595306664,17,Ole Heilmann-Clausen,jord eller humus,græsplæne,"ask (Fraxinus), gran (Picea), fyr (Pinus), poppel (Populus), eg (Quercus), pil (Salix), nåletræ (nåletræ)",I have tæt ved lav  buskbevoksning,Behagelig duft af svamp,Ole Heilmann-Clausen,Mathias Hass,https://svampe.databasen.org/observations/10427729,1
DMS-10427941,,2024-04-11T00:00:00.000Z,approved,14454,Gyromitra esculenta,,ægte stenmorkel,LC,Visse,Denmark,56.988762231840205,9.924945831298828,10,Erik Arnfred Thomsen,jord eller humus,"industriel habitat (råstofgrav, savværk mv.)",,,,Erik Arnfred Thomsen,Erik Arnfred Thomsen,https://svampe.databasen.org/observations/10427941,1
DMS-10427962,,2024-04-11T00:00:00.000Z,expert approved,14454,Gyromitra esculenta,,ægte stenmorkel,LC,Rishøj,Denmark,56.48793568613951,8.504090293808986,25,Nicklas boye sparre Bjørneboe,jord eller humus,nåleskov/plantage,nåletræ (nåletræ),,Meget stor - lugtløs,Nicklas boye sparre Bjørneboe,Thomas Læssøe,https://svampe.databasen.org/observations/10427962,1
DMS-10428108,,2024-04-12T00:00:00.000Z,approved,14454,Gyromitra esculenta,,ægte stenmorkel,LC,Kompedal Plantage,Denmark,56.22819296944444,9.282593486111113,65,Kirsten Nielsen,jord eller humus,blandskov (med løv- og nåletræer),nåletræ (nåletræ),,,"Kirsten Nielsen, Claus Hjerrild Pedersen",Kirsten Nielsen,https://svampe.databasen.org/observations/10428108,1
DMS-10428156,,2024-04-07T00:00:00.000Z,approved,14454,Gyromitra esculenta,,ægte stenmorkel,LC,"Tisvilde Hegn, Frøbakke",Denmark,56.0504471,12.0848976,65,Lene Sommer Rosborg Bak,jord eller humus,blandskov (med løv- og nåletræer),"bøg (Fagus), gran (Picea), eg (Quercus)",,"Foldet og grubet rødbrun hat, hvidlig tyk stok, velduftende. Farveløse sporer med to dråber, de måler ca. 21 x 10 my.",Lene Sommer Rosborg Bak,Lene Sommer Rosborg Bak,https://svampe.databasen.org/observations/10428156,1
DMS-10428173,,2024-04-13T00:00:00.000Z,expert approved,14454,Gyromitra esculenta,,ægte stenmorkel,LC,Vestbjerg,Denmark,57.1352446,9.9644614,16,Nikola Bosic,jord eller humus,græsplæne,,,,Nikola Bosic,Nikola Bosic,https://svampe.databasen.org/observations/10428173,1
DMS-10428389,,2024-04-13T00:00:00.000Z,approved,14454,Gyromitra esculenta,,ægte stenmorkel,LC,Spangsmose,Denmark,56.3106737799559,8.697006069123745,5,Johannes Hallberg,jord eller humus,have,,,,Johannes Hallberg,Johannes Hallberg,https://svampe.databasen.org/observations/10428389,1
DMS-10428518,,2024-04-14T00:00:00.000Z,approved,14454,Gyromitra esculenta,,ægte stenmorkel,LC,"Tisvilde Hegn, Frøbakke",Denmark,56.04790704483658,12.083279192447662,50,Kirsten Bjørnsson,ved og rødder af døde træer,vejkant,"bøg (Fagus), gran (Picea), fyr (Pinus)",flere mycelier ved Lars Anders linje,,"Kirsten Bjørnsson, Jørgen Mikkelsen, Anne Storgaard, Anne Toft, lis Gottlieb, Benny T. Olsen, Egon Christensen",Kirsten Bjørnsson,https://svampe.databasen.org/observations/10428518,1
DMS-10428566,,2024-04-14T00:00:00.000Z,approved,14454,Gyromitra esculenta,,ægte stenmorkel,LC,Skramsø plantage,Denmark,56.28622297,10.64547197,15,Kent Olsen,jord eller humus,nåleskov/plantage,,,,Kent Olsen,Kent Olsen,https://svampe.databasen.org/observations/10428566,1
DMS-10428588,,2024-04-14T00:00:00.000Z,approved,14454,Gyromitra esculenta,,ægte stenmorkel,LC,Kulsø,Denmark,56.03185797222222,9.493019,65,Andreas Gammelgaard Damsbo,jord eller humus,blandskov (med løv- og nåletræer),,,,Andreas Gammelgaard Damsbo,Andreas Gammelgaard Damsbo,https://svampe.databasen.org/observations/10428588,1
DMS-10429174,,2024-04-15T00:00:00.000Z,Rejected,14454,Gyromitra esculenta,,ægte stenmorkel,LC,Silkeborg,Denmark,56.16939,9.550597,2500,Ole Ohm Lundager,ved og rødder af døde træer,have,æble (Malus),,Står i en ring omkring Ingrid Marie æbletræ,Ole Ohm Lundager,Erik Arnfred Thomsen,https://svampe.databasen.org/observations/10429174,2
DMS-10429381,,2024-04-18T00:00:00.000Z,expert approved,14454,Gyromitra esculenta,,ægte stenmorkel,LC,Egtved,Denmark,55.64474634543062,9.290130995213984,5,Bo Levesen,jord eller humus,have,,,I bed ved rabarber ,Bo Levesen,Thomas Læssøe,https://svampe.databasen.org/observations/10429381,1
DMS-10429627,,2024-04-20T00:00:00.000Z,approved,14454,Gyromitra esculenta,,ægte stenmorkel,LC,"Tisvilde Hegn, Runde Elle",Denmark,56.04479442390835,12.077418565750122,5,Dan Ingemann Jensen,jord eller humus,nåleskov/plantage,fyr (Pinus),"Et af de kendte steder, umiddelbart få i år, kun 4 stk i alt på 2 steder",,Dan Ingemann Jensen,Dan Ingemann Jensen,https://svampe.databasen.org/observations/10429627,1
DMS-10429633,,2024-04-20T00:00:00.000Z,approved,14454,Gyromitra esculenta,,ægte stenmorkel,LC,Sevel Plantage,Denmark,56.4255761,8.9366877,15,Thomas Fonager,ved og rødder af levende træer,blandskov (med løv- og nåletræer),fyr (Pinus),,,Thomas Fonager,Thomas Fonager,https://svampe.databasen.org/observations/10429633,1
DMS-10429689,,2024-04-20T00:00:00.000Z,approved,14454,Gyromitra esculenta,,ægte stenmorkel,LC,Tingskoven,Denmark,57.07974682092508,9.40627098083496,75,Mogens Frost Christensen,jord eller humus,nåleskov/plantage,,,,Mogens Frost Christensen,Mogens Frost Christensen,https://svampe.databasen.org/observations/10429689,1
DMS-10429827,,2024-04-21T00:00:00.000Z,approved,14454,Gyromitra esculenta,,ægte stenmorkel,LC,Springbjerg Dal,Denmark,56.257295,8.427458333333334,6,Annebeth Abrahamsen,jord eller humus,nåleskov/plantage,,Sandjord ,,Annebeth Abrahamsen,Annebeth Abrahamsen,https://svampe.databasen.org/observations/10429827,1
DMS-10429893,,2024-04-21T00:00:00.000Z,approved,14454,Gyromitra esculenta,,ægte stenmorkel,LC,Tågelundgård Plantage,Denmark,55.62604551563472,9.25152218376752,25,Westy Esbensen,jord eller humus,nåleskov/plantage,,,,Westy Esbensen,Westy Esbensen,https://svampe.databasen.org/observations/10429893,1
DMS-10430053,,2024-04-23T00:00:00.000Z,approved,14454,Gyromitra esculenta,,ægte stenmorkel,LC,Vejlbo Mose,Denmark,56.1546654,9.5579018,5,Morten Strandberg,jord eller humus,blandskov (med løv- og nåletræer),fyr (Pinus),,,Morten Strandberg,Morten Strandberg,https://svampe.databasen.org/observations/10430053,1
DMS-10430226,,2024-04-24T00:00:00.000Z,approved,14454,Gyromitra esculenta,,ægte stenmorkel,LC,Hvorup Lergrav,Denmark,57.08722664979946,9.939603181565124,20,Nanna Mortensen,mos,nåleskov/plantage,,,,Nanna Mortensen,Nanna Mortensen,https://svampe.databasen.org/observations/10430226,1
DMS-10430439,,2024-04-26T00:00:00.000Z,approved,14454,Gyromitra esculenta,,ægte stenmorkel,LC,Virklund,Denmark,56.13356366311236,9.553340074603122,35,Marius Eriksen,ved og rødder af levende træer,nåleskov med naturskovspræg,"fyr (Pinus), nåletræ (nåletræ)",,,Marius Eriksen,Marius Eriksen,https://svampe.databasen.org/observations/10430439,1
DMS-10430531,,2024-04-27T00:00:00.000Z,approved,14454,Gyromitra esculenta,,ægte stenmorkel,LC,Odde,Denmark,56.7326065,10.3144223,65,Morten Strandberg,jord eller humus,nåleskov/plantage,fyr (Pinus),,,Morten Strandberg,Morten Strandberg,https://svampe.databasen.org/observations/10430531,1
DMS-10430622,,2024-04-28T00:00:00.000Z,approved,14454,Gyromitra esculenta,,ægte stenmorkel,LC,Drastrup,Denmark,57.00176532457331,9.849539548158646,25,Søren Rytter Boeriis,jord eller humus,blandskov (med løv- og nåletræer),"gran (Picea), fyr (Pinus), eg (Quercus)",,,Søren Rytter Boeriis,Søren Rytter Boeriis,https://svampe.databasen.org/observations/10430622,1
DMS-10430726,,2024-04-28T00:00:00.000Z,approved,14454,Gyromitra esculenta,,ægte stenmorkel,LC,Den Jyske Skovhave,Denmark,56.817617122894006,9.88018948584795,5,Søren Rytter Boeriis,jord eller humus,blandskov (med løv- og nåletræer),"ædelgran (Abies), bøg (Fagus sylvatica), løvtræ (løvtræ)",,,Søren Rytter Boeriis,Søren Rytter Boeriis,https://svampe.databasen.org/observations/10430726,1
DMS-10430791,,2024-04-29T00:00:00.000Z,approved,14454,Gyromitra esculenta,,ægte stenmorkel,LC,Rågeleje,Denmark,56.10291673918165,12.174302100611383,10,Kim Woelders,jord eller humus,vejkant,,Vejkant i sommerhusområde med blandet bevoksning af alskens løv- og nåletræer og buske.,,Kim Woelders,Kim Woelders,https://svampe.databasen.org/observations/10430791,1
DMS-10432161,,2024-05-12T00:00:00.000Z,approved,14454,Gyromitra esculenta,,ægte stenmorkel,LC,Den Jyske Skovhave,Denmark,56.81756721123982,9.880324602127075,5,Erik Arnfred Thomsen,jord eller humus,park/kirkegård,,,,Erik Arnfred Thomsen,Erik Arnfred Thomsen,https://svampe.databasen.org/observations/10432161,1
DMS-10434278,,2024-05-19T00:00:00.000Z,expert approved,14454,Gyromitra esculenta,,ægte stenmorkel,LC,Kagerup,Denmark,55.999043864723646,12.275658623038908,5,Jakob S.M Raarup,jord eller humus,have,,"Mellem bede, ingen nåletræ i 30 meters afstand, der står en troldhassel inden for 1 meter af fundet ","Fundet gjort af Niels Peter Jensen, stok hvid, furet, sporer med 2 olie-dråber, glatte, uden vedhæng, 20 - 23 x 10 - 12 um (n=10)",,Jakob S.M Raarup,https://svampe.databasen.org/observations/10434278,1
