"_id","fieldnumber","observationDate","validationStatus","taxon_id","taxonFullName","originalTaxonNameUsage","taxonDanishName","taxonRedListCategory","locality","country","decimalLatitude","decimalLongitude","accuracy","reportedBy","substrate","vegetationType","associatedTaxa","ecologyNotes","notes","leg","det","URI"
"DMS-68083","","2009-10-05T00:00:00.000Z","approved",61471,"Leccinum aurantiacum","Leccinum populinum","rustrød skælrørhat",,"Baldersbæk Plantage","Denmark",55.631577,8.89513,75,"Flemming V. Larsen","jord eller humus","blandskov (med løv- og nåletræer)","","[Associated organism: eg (Quercus); bævreasp (Populus)]","","Flemming V. Larsen","Flemming V. Larsen","https://svampe.databasen.org/observations/68083"
"DMS-459372","","2012-08-30T00:00:00.000Z","approved",61471,"Leccinum aurantiacum","Leccinum populinum","rustrød skælrørhat",,"Tolne Bakker","Denmark",57.48445,10.33222,10,"Lisbeth Brendstrup","jord eller humus","blandskov (med løv- og nåletræer)","poppel (Populus)","","","Lisbeth Brendstrup","Lisbeth Brendstrup","https://svampe.databasen.org/observations/459372"
"DMS-480421","","2012-10-14T00:00:00.000Z","approved",61471,"Leccinum aurantiacum","Leccinum populinum","rustrød skælrørhat",,"Borresø","Denmark",56.12655,9.59342,25,"Morten Strandberg","jord eller humus","blandskov (med løv- og nåletræer)","bævreasp (Populus tremula)","","rødbrun hat, skæl mørkt rødlige, kød først rødmende siden sort - foto følger","Morten Strandberg","Morten Strandberg","https://svampe.databasen.org/observations/480421"
"DMS-59891","","2009-09-10T00:00:00.000Z","approved",61471,"Leccinum aurantiacum","Leccinum quercinum","rustrød skælrørhat",,"Bolderslev Skov","Denmark",55.0021,9.357007,100,"Poul Olsen","løv- eller nåledække, løse blade og nåle","løvskov med naturskovspræg","","","http://www.fugleognatur.dk/forum/show_message.asp?MessageID=386932&ForumID=21Jeg skal i skoven for at finde belæg, men har flere billeder","Poul Olsen","","https://svampe.databasen.org/observations/59891"
"DMS-66322","","2009-09-30T00:00:00.000Z","approved",61471,"Leccinum aurantiacum","Leccinum quercinum","rustrød skælrørhat",,"Pinseskoven, Vestamager","Denmark",55.5927,12.55888,100,"Benny T. Olsen","jord eller humus","løvskov","","[Associated organism: bævreasp (Populus)]","Foto kommer! Belæg er under tørring.","Benny T. Olsen","Benny T. Olsen","https://svampe.databasen.org/observations/66322"
"DMS-67862","","2009-10-05T00:00:00.000Z","approved",61471,"Leccinum aurantiacum","Leccinum quercinum","rustrød skælrørhat",,"Tinnet Krat","Denmark",55.90656,9.38236,10,"Jens Mårbjerg","jord eller humus","egekrat","eg (Quercus)","","","Jens Mårbjerg","Jens Mårbjerg","https://svampe.databasen.org/observations/67862"
"DMS-104155","DB 2010/25","2010-08-18T00:00:00.000Z","approved",61471,"Leccinum aurantiacum","Leccinum quercinum","rustrød skælrørhat",,"Eskær Skov","Denmark",56.68957,9.12354,25,"David Boertmann","jord eller humus","løvskov","eg (Quercus)","eg og bøg de eneste træer i området","","David Boertmann","David Boertmann","https://svampe.databasen.org/observations/104155"
"DMS-104697","","2010-08-19T00:00:00.000Z","approved",61471,"Leccinum aurantiacum","Leccinum quercinum","rustrød skælrørhat",,"Løgtholtsled","Denmark",57.20555,10.29191,10,"Erik Arnfred Thomsen","jord eller humus","løvskov","","[Associated organism: bævreasp (Populus)]","Rødbrun - synes den mangler i atlas-nøglen ? havde sorte skæl og groede under bævreasp","Erik Arnfred Thomsen","Thomas Læssøe","https://svampe.databasen.org/observations/104697"
"DMS-106474","","2010-08-24T00:00:00.000Z","approved",61471,"Leccinum aurantiacum","Leccinum quercinum","rustrød skælrørhat",,"Stenholt Skov","Denmark",56.19444,9.350758,150,"Alex Jensen","jord eller humus","egekrat","","","Jeg vil bede om at få slettet dette indlæg. ","Alex Jensen","Alex Jensen","https://svampe.databasen.org/observations/106474"
"DMS-107651","","2010-08-28T00:00:00.000Z","approved",61471,"Leccinum aurantiacum","Leccinum quercinum","rustrød skælrørhat",,"Skærven, Løsning","Denmark",55.81051,9.69725,10,"Margaretha Liebmann","jord eller humus","vejkant","","muld på sand [Associated organism: eg-bævreasp]","Hathud overhængende (3 mm), blågrønt v stokbasis, kød noget grånende, stokskæl rødbrune. + belæg","Margaretha Liebmann","Margaretha Liebmann","https://svampe.databasen.org/observations/107651"
"DMS-110666","","2010-09-04T00:00:00.000Z","approved",61471,"Leccinum aurantiacum","Leccinum quercinum","rustrød skælrørhat",,"Hedegårde","Denmark",56.72383,9.97638,25,"Rasmus Ejrnæs","jord eller humus","løvskov med naturskovspræg","eg (Quercus)","[Associated organism: eg (Quercus), bævreasp (Populus)]","","Rasmus Ejrnæs","Rasmus Ejrnæs","https://svampe.databasen.org/observations/110666"
"DMS-114510","","2010-09-12T00:00:00.000Z","approved",61471,"Leccinum aurantiacum","Leccinum quercinum","rustrød skælrørhat",,"Græsted Hegn","Denmark",56.06384,12.26452,75,"Anne Storgaard","jord eller humus","løvskov","","Under bøg (Fagus). Eg eller poppel sås ikke i nærheden, selv efter ivrig søgen af flere turdeltagere.","hat 6 cm bred, tør, hvælvet, orangebrun. Hathud overhængende. Kød specielt i stoktoppen hurtigt sortnende ved gennemskæing. Rørmundinger fra begyndelsen hvidlige, senere gråoliven. Stok 8 cm høj, 1-2 cm bred, tyndest lige under hatten. Stokskæl rødbrune. Benyttet litteratur: altlasnøglen til skælrørhattene.","Anne Storgaard","Anne Storgaard","https://svampe.databasen.org/observations/114510"
"DMS-116570","","2010-09-19T00:00:00.000Z","approved",61471,"Leccinum aurantiacum","Leccinum quercinum","rustrød skælrørhat",,"Tinnet Krat","Denmark",55.90923,9.381308,100,"Jette Anitha Hansen","jord eller humus","egekrat","eg (Quercus)","","Stokbasis en anelse blå/grøn, det forvirrer mig.","Jette Anitha Hansen","Jette Anitha Hansen","https://svampe.databasen.org/observations/116570"
"DMS-156442","","2011-07-25T00:00:00.000Z","approved",61471,"Leccinum aurantiacum","Leccinum quercinum","rustrød skælrørhat",,"Moesgård Strand","Denmark",56.08353,10.2469,75,"Flemming V. Larsen","jord eller humus","løvskov med naturskovspræg","","stod i kanten af et bredt opkørt MBT-spor. bøg (Fagus) [???]","kiggede meget grundigt efter : Der er kun bøg på stedet - Der er ca. 1 min, mellem hvert af de gennemskårne på billedet","Flemming V. Larsen","Flemming V. Larsen","https://svampe.databasen.org/observations/156442"
"DMS-158077","","2011-07-28T00:00:00.000Z","approved",61471,"Leccinum aurantiacum","Leccinum quercinum","rustrød skælrørhat",,"Græsted Hegn","Denmark",56.06849,12.26881,100,"Michael Sonniks","jord eller humus","løvskov","bøg (Fagus)","bøg (Fagus). Eneste anden træart var lærk, 18 m. fra voksestedet.","Stokskæl rødbrune til mørkebrune, sortnende kød ved gennemskæring (mærkelig rødfarvning i gnav?).  Udhængende hathud. Det kunne være rusrrød ege-rørhat, men området grundigt gennemsøgt forgæves for eg. Belæg haves.","Michael Sonniks","Jens H. Petersen","https://svampe.databasen.org/observations/158077"
"DMS-159011","","2011-08-04T00:00:00.000Z","approved",61471,"Leccinum aurantiacum","Leccinum quercinum","rustrød skælrørhat",,"Sandersvig Skov","Denmark",55.34245,9.64319,50,"Margot Nielsen","jord eller humus","løvskov","eg (Quercus)","","Brune stokskæl","Margot Nielsen","Margot Nielsen","https://svampe.databasen.org/observations/159011"
"DMS-163712","","2011-08-20T00:00:00.000Z","approved",61471,"Leccinum aurantiacum","Leccinum quercinum","rustrød skælrørhat",,"Østerild Klitplantage","Denmark",57.04517,8.92613,75,"Peter Lausted","jord eller humus","blandskov (med løv- og nåletræer)","","gran, bøg, røn, ingen eg, 1 lgm.","3m fra det sted, hvor Jan bestemte den for mig i 2009. Foto af lgm. + tørret hatoverflade følger mandag. Atlasnøglen. Billede 4 er tørret hat.","Peter Lausted","Peter Lausted","https://svampe.databasen.org/observations/163712"
"DMS-383574","","2003-09-19T00:00:00.000Z","approved",61471,"Leccinum aurantiacum","Leccinum quercinum","rustrød skælrørhat",,"Ørnereden","Denmark",56.415,10.463,100,"Sten Larris","jord eller humus","løvskov","eg (Quercus)","","Leccinum quercinum, Rustrød ege-Rørhat. ØJ: Bøjstrup Skov, NH908534, lysåbent under eg. 19.9 2003 SL. Bem: Fundet samme sted 1.ste gang 5,9-1999 og omtrent hvert år siden Bem. (JV): Hvis det er den som blev indbragt til udstillingen på Ørnereden, synes jeg stokskællene havde den forkerte farve.","Sten Larris","","https://svampe.databasen.org/observations/383574"
"DMS-453375","","2012-08-11T00:00:00.000Z","approved",61471,"Leccinum aurantiacum","Leccinum quercinum","rustrød skælrørhat",,"Østerild Klitplantage","Denmark",57.03624,8.87178,75,"Peter Lausted","jord eller humus","blandskov (med løv- og nåletræer)","","bøg, gran, røn tilstede, og måske en egestub","På samme mycelie hvorfra den er indberettet i 2011 og 2009, bstemt af Jan. har belæg om ønskeligt.","Peter Lausted","Peter Lausted","https://svampe.databasen.org/observations/453375"
"DMS-454729","","2012-08-17T00:00:00.000Z","approved",61471,"Leccinum aurantiacum","Leccinum quercinum","rustrød skælrørhat",,"Hejls Skovhuse","Denmark",55.38996,9.62162,50,"Rasmus Ejrnæs","jord eller humus","løvskov","poppel (Populus)","","","Rasmus Ejrnæs","Rasmus Ejrnæs","https://svampe.databasen.org/observations/454729"
"DMS-455946","","2012-08-19T00:00:00.000Z","approved",61471,"Leccinum aurantiacum","Leccinum quercinum","rustrød skælrørhat",,"Hønning Plantage","Denmark",55.17686,8.93841,10,"Margaretha Liebmann","jord eller humus","blandskov (med løv- og nåletræer)","eg (Quercus)","","Lå fremme til aftendemo.","Margaretha Liebmann","Margaretha Liebmann","https://svampe.databasen.org/observations/455946"
"DMS-470851","","2012-09-30T00:00:00.000Z","approved",61471,"Leccinum aurantiacum","Leccinum quercinum","rustrød skælrørhat",,"Hørbylunde","Denmark",56.13723,9.40185,25,"Lisbeth Brendstrup","jord eller humus","løvskov med naturskovspræg","eg (Quercus)","","foto følger","Lisbeth Brendstrup","Lisbeth Brendstrup","https://svampe.databasen.org/observations/470851"
"DMS-482074","","2012-10-15T00:00:00.000Z","Rejected",61471,"Leccinum aurantiacum","Leccinum quercinum","rustrød skælrørhat",,"Kulebjerg Overdrev","Denmark",55.54405,11.44067,50,"Thomas Kehlet","jord eller humus","overdrev","eg (Quercus)","","Artsbud på stor rørhat under eg. Se foto. Er åbenbart træt, den var fra kulebjerg overdrev d. 15/10-2012. Beklager fejl.","Thomas Kehlet","Thomas Kehlet","https://svampe.databasen.org/observations/482074"
"DMS-516264","","2013-08-27T00:00:00.000Z","approved",61471,"Leccinum aurantiacum","Leccinum quercinum","rustrød skælrørhat",,"Tårbæk, Cottageparken","Denmark",55.78053,12.59078,25,"Thomas Kehlet","jord eller humus","park/kirkegård","eg (Quercus)","","","Thomas Kehlet","Thomas Kehlet","https://svampe.databasen.org/observations/516264"
"DMS-516480","","2013-08-28T00:00:00.000Z","approved",61471,"Leccinum aurantiacum","Leccinum quercinum","rustrød skælrørhat",,"Tårbæk, Cottageparken","Denmark",55.78053,12.59059,75,"Grith Styrck Carlsen","jord eller humus","park/kirkegård","eg (Quercus)","","stokskæl er rustrøde","Grith Styrck Carlsen","Grith Styrck Carlsen","https://svampe.databasen.org/observations/516480"
"DMS-517135","","2013-08-29T00:00:00.000Z","approved",61471,"Leccinum aurantiacum","Leccinum quercinum","rustrød skælrørhat",,"Tårbæk, Cottageparken","Denmark",55.78041,12.59067,10,"Martin Vestergaard","jord eller humus","park/kirkegård","bævreasp (Populus tremula)","På asp","","Martin Vestergaard","Erik Rald","https://svampe.databasen.org/observations/517135"
"DMS-625915","","2013-09-03T00:00:00.000Z","approved",61471,"Leccinum aurantiacum","Leccinum quercinum","rustrød skælrørhat",,"Studemose Skov","Denmark",55.28989,11.83448,10,"Thomas Kehlet","jord eller humus","løvskov","eg (Quercus)","","","Thomas Kehlet","Thomas Kehlet","https://svampe.databasen.org/observations/625915"
"DMS-626673","","2013-09-03T00:00:00.000Z","approved",61471,"Leccinum aurantiacum","Leccinum quercinum","rustrød skælrørhat",,"Holmegaards Mose","Denmark",55.28972,11.83438,25,"Martin Vestergaard","jord eller humus","skovmose","bævreasp (Populus tremula)","","","Martin Vestergaard","Martin Vestergaard","https://svampe.databasen.org/observations/626673"
"DMS-635166","","2013-09-24T00:00:00.000Z","approved",61471,"Leccinum aurantiacum","Leccinum quercinum","rustrød skælrørhat",,"Løgtholtsled","Denmark",57.20552,10.29177,10,"Erik Arnfred Thomsen","jord eller humus","overdrev","bævreasp (Populus tremula)","","JHP conf","Erik Arnfred Thomsen","Erik Arnfred Thomsen","https://svampe.databasen.org/observations/635166"
"DMS-639895","","2013-10-04T00:00:00.000Z","approved",61471,"Leccinum aurantiacum","Leccinum quercinum","rustrød skælrørhat",,"Holmegaards Mose","Denmark",55.28403,11.8325,25,"Margaretha Liebmann","jord eller humus","løvskov","eg (Quercus)","","Belæg haves ikke.","Margaretha Liebmann","Margaretha Liebmann","https://svampe.databasen.org/observations/639895"
"DMS-680037","","2014-09-16T00:00:00.000Z","approved",61471,"Leccinum aurantiacum","Leccinum quercinum","rustrød skælrørhat",,"Tårbæk, Cottageparken","Denmark",55.78044673639657,12.590750187373487,25,"Frank Desting","jord eller humus","park/kirkegård","","2 modne frl. under bævreasp, eg og bøg","","Frank Desting","Frank Desting","https://svampe.databasen.org/observations/680037"
"DMS-713217","","2015-08-26T00:00:00.000Z","approved",61471,"Leccinum aurantiacum","Leccinum quercinum","rustrød skælrørhat",,"Tårbæk, Cottageparken","Denmark",55.78058,12.59136,50,"Tobias Bøllingtoft","jord eller humus","park/kirkegård","","I græsplæne med ældre eg, bøg og bævreasp.","Kendt fra lokaliteten. Kun et eksemplar set.","","Tobias Bøllingtoft","https://svampe.databasen.org/observations/713217"
"DMS-713653","","2015-08-26T00:00:00.000Z","approved",61471,"Leccinum aurantiacum","Leccinum quercinum","rustrød skælrørhat",,"Tårbæk, Cottageparken","Denmark",55.7808,12.59124,50,"Lisbeth Brendstrup","jord eller humus","park/kirkegård","eg (Quercus)","","ved gennemskæring langsomt vinrød - langsomt sortnende mest udtalt i stokkødet.","","Lisbeth Brendstrup","https://svampe.databasen.org/observations/713653"
"DMS-9171612","","2016-08-23T00:00:00.000Z","expert approved",61471,"Leccinum aurantiacum","Leccinum quercinum","rustrød skælrørhat",,"Troldtoft Krat","Denmark",56.25260129848271,8.510309234261511,10,"Tom Smidth","jord eller humus","blandskov (med løv- og nåletræer)","eg (Quercus)",,"farvedes ved gennemskæring","Tom Smidth","Tom Smidth","https://svampe.databasen.org/observations/9171612"
"DMS-9173626","","2016-09-15T00:00:00.000Z","expert approved",61471,"Leccinum aurantiacum","Leccinum quercinum","rustrød skælrørhat",,"Tårbæk, Cottageparken","Denmark",55.78041053520968,12.590991519391537,25,"Tobias Bøllingtoft","jord eller humus","park/kirkegård","bøg (Fagus), bævreasp (Populus tremula), eg (Quercus)","I plæne om stor bævreasp.","Samme sted hvert år. Talrig. ","Tobias Bøllingtoft","Tobias Bøllingtoft","https://svampe.databasen.org/observations/9173626"
"DMS-9173755","","2016-09-16T00:00:00.000Z","approved",61471,"Leccinum aurantiacum","Leccinum quercinum","rustrød skælrørhat",,"Sibberup","Denmark",55.28828061614701,11.832418888807297,50,"Tom Smidth","jord eller humus","mose","bævreasp (Populus tremula)",,,"Tom Smidth","Thomas Læssøe","https://svampe.databasen.org/observations/9173755"
"DMS-9174122","","2016-09-19T00:00:00.000Z","expert approved",61471,"Leccinum aurantiacum","Leccinum quercinum","rustrød skælrørhat",,"Nybroskov","Denmark",55.77828063951729,12.456326019018888,10,"Tobias Bøllingtoft","jord eller humus","blandskov (med løv- og nåletræer)","birk (Betula), bøg (Fagus), gran (Picea), bævreasp (Populus tremula), eg (Quercus)","",,"Tobias Bøllingtoft","Tobias Bøllingtoft","https://svampe.databasen.org/observations/9174122"
"DMS-9174635","","2016-09-22T00:00:00.000Z","expert approved",61471,"Leccinum aurantiacum","Leccinum quercinum","rustrød skælrørhat",,"Hannenov Skov","Denmark",54.82541466984485,11.945201969356276,75,"Anne Storgaard","jord eller humus","løvskov","poppel (Populus)",,"","Anne Storgaard","Anne Storgaard","https://svampe.databasen.org/observations/9174635"
"DMS-9176580","","2016-09-28T00:00:00.000Z","approved",61471,"Leccinum aurantiacum","Leccinum quercinum","rustrød skælrørhat",,"Bodilsker Plantage","Denmark",55.08028342182858,15.024030734784901,50,"Michael Sonniks","jord eller humus","blandskov (med løv- og nåletræer)","bævreasp (Populus tremula)",,"Rødbrune stokskæl","Michael Sonniks","Thomas Læssøe","https://svampe.databasen.org/observations/9176580"
"DMS-9177845","","2016-10-08T00:00:00.000Z","expert approved",61471,"Leccinum aurantiacum","Leccinum quercinum","rustrød skælrørhat",,"Ølene","Denmark",55.10093,15.00654,2500,"Tobias Bøllingtoft","jord eller humus","blandskov (med løv- og nåletræer)","bævreasp (Populus tremula)",,"Pilen sættes ikke for fund fra denne lokalitet.","Tobias Bøllingtoft, Lars Bitsch, Jørn Kofod","Tobias Bøllingtoft","https://svampe.databasen.org/observations/9177845"
"DMS-9178688","","2016-10-16T00:00:00.000Z","approved",61471,"Leccinum aurantiacum","Leccinum quercinum","rustrød skælrørhat",,"Kongelunden","Denmark",55.57638056,12.58059167,15,"Kimmie Møenbo Jensen","jord eller humus","løvskov","","Fundet blandt eg","Ca. 14 cm høj rørhat med livligbrun hatoverflade og creme til gullige rørmundinger. Stokken er prikket og creme øverst, men mere rødbrun længere mod basis. Når den gennemskæres bliver kødet først gråligt herefter sort.","Kimmie Møenbo Jensen","Thomas Læssøe","https://svampe.databasen.org/observations/9178688"
"DMS-9196413","","2017-06-26T00:00:00.000Z","approved",61471,"Leccinum aurantiacum","Leccinum quercinum","rustrød skælrørhat",,"Saksfjed inddæmning","Denmark",54.63320098518062,11.45724255591631,25,"Bent Christiansen","jord eller humus","løvskov med naturskovspræg","bævreasp (Populus tremula)","Jeg fandt denne svamp i en lille skov, bestående af bævreasp og birketræ. Hatten var brun, kødfuld og lidt gummiagtig. Stokken var hård og stabil. Hatten havde en diameter på 13 cm, og længden på stokken var 13,5 cm. Da jeg skar svampen op, kom der ingen speciel duft. På billede 6 kan man se stokkens rødder. På billede 7 og 8 har jeg skåret svampen igennem, og der kom ikke nogen kraftig farveændring i kødet, efter 10 min. Den eneste farve der kom, var en svag brun/rød tone i kødet. ",,"Bent Christiansen","Torbjørn Borgen","https://svampe.databasen.org/observations/9196413"
"DMS-9186650","","2015-09-22T00:00:00.000Z","expert approved",61471,"Leccinum aurantiacum","Leccinum quercinum","rustrød skælrørhat",,"Gammel Almind","Denmark",56.37842275055536,9.361736565915635,5,"Rasmus Skræp Sørensen","jord eller humus","løvskov med naturskovspræg","eg (Quercus)","Voksende på stejl skråning under blandet Eg og Bøg (+ meget små Rødgran). Gammelt fund, ingen noter om smag, lugt eller farveskift... Jeg husker dem som værende ca 15 cm høre og hattene ca. 8 cm i diameter.","Gammelt fund fra før jeg samlede andet end spisesvampe - derfor kun billeder. Jeg eftersøgte den uden held i 2016. Er der nogen der vil se på belæg såfremt den dukker op i 2017? Eller kan det evt. klares med bedre billeder + noter om smag, lugt og farveskift?","Rasmus Skræp Sørensen","Rasmus Skræp Sørensen","https://svampe.databasen.org/observations/9186650"
"DMS-9196870","","2017-07-03T00:00:00.000Z","approved",61471,"Leccinum aurantiacum","Leccinum quercinum","rustrød skælrørhat",,"Tårbæk, Cottageparken","Denmark",55.780431652572766,12.590672168880701,5,"Thomas Kehlet","jord eller humus","park/kirkegård","bøg (Fagus), bævreasp (Populus tremula), eg (Quercus)",,"Hvor den plejer at stå.","Thomas Kehlet","Thomas Kehlet","https://svampe.databasen.org/observations/9196870"
"DMS-9198089","","2017-07-16T00:00:00.000Z","approved",61471,"Leccinum aurantiacum","Leccinum quercinum","rustrød skælrørhat",,"Tårbæk, Cottageparken","Denmark",55.78045276992445,12.590734362602234,5,"Thomas Kehlet","jord eller humus","park/kirkegård","poppel (Populus), eg (Quercus)",,,"Thomas Kehlet","Thomas Kehlet","https://svampe.databasen.org/observations/9198089"
"DMS-9198426","","2017-07-20T00:00:00.000Z","approved",61471,"Leccinum aurantiacum","Leccinum quercinum","rustrød skælrørhat",,"Tårbæk, Cottageparken","Denmark",55.78057947379417,12.591469287872314,10,"Thomas Læssøe","jord eller humus","park/kirkegård","poppel (Populus)",,,"Thomas Læssøe","Thomas Læssøe","https://svampe.databasen.org/observations/9198426"
"DMS-9201180","","2017-08-02T00:00:00.000Z","approved",61471,"Leccinum aurantiacum","Leccinum quercinum","rustrød skælrørhat",,"Strøby Egede","Denmark",55.41977713466557,12.23169176839292,5,"Jørgen Mikkelsen","jord eller humus","park/kirkegård","lind (Tilia)","I græs, med lind på begge sider; gråner meget langsomt ved gennemskæring.",,"Jørgen Mikkelsen","Jørgen Mikkelsen","https://svampe.databasen.org/observations/9201180"
"DMS-9201935","","2017-08-08T00:00:00.000Z","approved",61471,"Leccinum aurantiacum","Leccinum quercinum","rustrød skælrørhat",,"Gjorslev Bøgeskov","Denmark",55.37116108888109,12.409024089574814,75,"Jørgen Mikkelsen","jord eller humus","løvskov","poppel (Populus)","Med Populus sp.; skællene er sorte; sortner ved gennemskæring.",,"Jørgen Mikkelsen","Thomas Læssøe","https://svampe.databasen.org/observations/9201935"
"DMS-9202008","","2017-08-09T00:00:00.000Z","approved",61471,"Leccinum aurantiacum","Leccinum quercinum","rustrød skælrørhat",,"Tårbæk, Cottageparken","Denmark",55.78048293754985,12.590630292761489,10,"Thomas Læssøe","jord eller humus","park/kirkegård","bøg (Fagus)",,,"Thomas Læssøe","Thomas Læssøe","https://svampe.databasen.org/observations/9202008"
"DMS-9202059","","2017-08-09T00:00:00.000Z","approved",61471,"Leccinum aurantiacum","Leccinum quercinum","rustrød skælrørhat",,"Laugø","Denmark",56.03206081169598,12.188670159957837,50,"Michael Sonniks","jord eller humus","vejkant","poppel (Populus)",,,"Michael Sonniks","Michael Sonniks","https://svampe.databasen.org/observations/9202059"
"DMS-9221882","","2017-10-02T00:00:00.000Z","approved",61471,"Leccinum aurantiacum","Leccinum quercinum","rustrød skælrørhat",,"Teglstrup Hegn","Denmark",56.05047749237094,12.554971130011836,10,"Ole Sparre Pedersen","jord eller humus","løvskov","eg (Quercus)","Der var osse birk i nærheden.",,"Ole Sparre Pedersen, Bjørn W. Pedersen","Ole Sparre Pedersen","https://svampe.databasen.org/observations/9221882"
"DMS-9244094","","2004-10-11T00:00:00.000Z","expert approved",61471,"Leccinum aurantiacum","Leccinum quercinum","rustrød skælrørhat",,"Mejlgård Nederskov","Denmark",56.52351720663604,10.63493862748146,75,"Jens Chr. Schou","jord eller humus","kyst- og overdrevskrat","bævreasp (Populus tremula)",,,"Jens Chr. Schou","Thomas Læssøe","https://svampe.databasen.org/observations/9244094"
"DMS-9244101","","2003-09-20T00:00:00.000Z","expert approved",61471,"Leccinum aurantiacum","Leccinum quercinum","rustrød skælrørhat",,"Store Økssø","Denmark",56.805577146351766,9.864326451206578,75,"Jens Chr. Schou","jord eller humus","mose","birk (Betula)",,,"Jens Chr. Schou","Thomas Læssøe","https://svampe.databasen.org/observations/9244101"
"DMS-9323618","","2018-08-30T00:00:00.000Z","expert approved",61471,"Leccinum aurantiacum","Leccinum quercinum","rustrød skælrørhat",,"Katbjerg Odde","Denmark",56.64525016026165,9.90046906445059,10,"Thomas Læssøe","jord eller humus","strandeng","bævreasp (Populus tremula)",,,"Thomas Læssøe, Jens H. Petersen, Jens Chr. Schou","Thomas Læssøe","https://svampe.databasen.org/observations/9323618"
"DMS-9327778","","2018-09-09T00:00:00.000Z","approved",61471,"Leccinum aurantiacum","Leccinum quercinum","rustrød skælrørhat",,"Brunmose","Denmark",56.415011219568264,10.470489979052218,10,"Rasmus Ejrnæs","jord eller humus","løvskov","","Fortrinsvis eg, men også bøg og gran i nærheden",,"Rasmus Ejrnæs","Rasmus Ejrnæs","https://svampe.databasen.org/observations/9327778"
"DMS-9329359","","2018-09-13T00:00:00.000Z","approved",61471,"Leccinum aurantiacum","Leccinum quercinum","rustrød skælrørhat",,"Hørbylunde","Denmark",56.13600324679327,9.401900052762358,10,"Carsten Brandt","jord eller humus","løvskov med naturskovspræg","eg (Quercus)","Sandet hulvej i egeskov",,"Carsten Brandt","Carsten Brandt","https://svampe.databasen.org/observations/9329359"
"DMS-9329737","","2018-09-14T00:00:00.000Z","Validation in progress",61471,"Leccinum aurantiacum","Leccinum quercinum","rustrød skælrørhat",,"Egensekloster","Denmark",56.96496504103354,10.247819423675537,10,"Kasper Malmberg","jord eller humus","vejkant","bævreasp (Populus tremula)",,,"Kasper Malmberg","Thomas Læssøe","https://svampe.databasen.org/observations/9329737"
"DMS-9333525","","2018-09-21T00:00:00.000Z","approved",61471,"Leccinum aurantiacum","Leccinum quercinum","rustrød skælrørhat",,"Borresø","Denmark",55.11763056,14.89696111,15,"Anders Adams","jord eller humus","løvskov","eg (Quercus)","sammen med eg og bøg. Ingen populus carpinus eller betulus i nærheden.",,"Anders Adams, Tue Rønhave Laursen","Anders Adams","https://svampe.databasen.org/observations/9333525"
"DMS-9334562","","2018-09-23T00:00:00.000Z","expert approved",61471,"Leccinum aurantiacum","Leccinum quercinum","rustrød skælrørhat",,"Vinding Skov","Denmark",55.680209644843096,9.596113164152484,25,"Thomas Læssøe","jord eller humus","løvskov","bøg (Fagus), eg (Quercus)","muligvis også poppel",,"Thomas Læssøe","Thomas Læssøe","https://svampe.databasen.org/observations/9334562"
"DMS-9336649","","2018-09-21T00:00:00.000Z","approved",61471,"Leccinum aurantiacum","Leccinum quercinum","rustrød skælrørhat",,"Jels Voldsted","Denmark",55.3791104480105,9.22856792807579,75,"Inger Christensen","jord eller humus","løvskov med naturskovspræg","eg (Quercus)",,,"Inger Christensen","Torbjørn Borgen","https://svampe.databasen.org/observations/9336649"
"DMS-9338194","","2018-09-30T00:00:00.000Z","approved",61471,"Leccinum aurantiacum","Leccinum quercinum","rustrød skælrørhat",,"Niels Bugges Hald","Denmark",56.39010614274021,9.33537483215332,50,"Benny T. Olsen","jord eller humus","løvskov","bøg (Fagus), eg (Quercus)",,,"Benny T. Olsen","Benny T. Olsen","https://svampe.databasen.org/observations/9338194"
"DMS-9338678","","2018-09-29T00:00:00.000Z","approved",61471,"Leccinum aurantiacum","Leccinum quercinum","rustrød skælrørhat",,"Kirstinebjerg Skov","Denmark",55.59593333,9.79278889,15,"Bo Levesen","jord eller humus","løvskov med naturskovspræg","eg (Quercus)",,,"Bo Levesen","Bo Levesen","https://svampe.databasen.org/observations/9338678"
"DMS-9339824","","2018-10-04T00:00:00.000Z","approved",61471,"Leccinum aurantiacum","Leccinum quercinum","rustrød skælrørhat",,"Aldershvile Slotspark","Denmark",55.77128978142022,12.450983158851157,5,"Frank Desting","jord eller humus","løvskov","bøg (Fagus), ask (Fraxinus)",,"Sortnende i stokkødet ved gennemskæring, ask og bøg i nærheden...
Med sikkerhed ingen poppel/bævreasp, og jeg så heller ikke birk og eg på selve stedet, hvor myceliet voksede...","Frank Desting","Tobias Bøllingtoft","https://svampe.databasen.org/observations/9339824"
"DMS-9340969","","2018-09-27T00:00:00.000Z","approved",61471,"Leccinum aurantiacum","Leccinum quercinum","rustrød skælrørhat",,"Trelde Næs","Denmark",55.624821,9.8586416,2500,"Metteline Fokdal Christensen","jord eller humus","løvskov","eg (Quercus)","Voksede 6-7 stk i løvskov, umiddelbart kun omgivet af Eg, derfor foreslår jeg Rustrød skælrørhat. Meget kompakt svamp, blånede ved stokbasis. Ved gennemskæring sortnede kødet gradvist. 
",,"Metteline Fokdal Christensen","Metteline Fokdal Christensen","https://svampe.databasen.org/observations/9340969"
"DMS-9341179","","2018-10-07T00:00:00.000Z","approved",61471,"Leccinum aurantiacum","Leccinum quercinum","rustrød skælrørhat",,"Varde Søndre Plantage","Denmark",55.59063333,8.50594722,15,"Tina Larsen","jord eller humus","løvskov","eg (Quercus)",,"Hat rødbrun, med overhængende hat hud. Rør lyse og udrandede. Stok lys med rødbrune skæl, mest på det nederste af stokken. Nøddeagtig smag.kød lyst men gråner efter noget tid","Tina Larsen","Tina Larsen","https://svampe.databasen.org/observations/9341179"
"DMS-9342195","","2018-09-25T00:00:00.000Z","approved",61471,"Leccinum aurantiacum","Leccinum quercinum","rustrød skælrørhat",,"Buskmose Skov","Denmark",54.92534165062769,9.546031237696297,50,"Eva Lau Olsen","jord eller humus","egekrat","eg (Quercus)",,,"Eva Lau Olsen","Eva Lau Olsen","https://svampe.databasen.org/observations/9342195"
"DMS-9342972","","2018-10-09T00:00:00.000Z","approved",61471,"Leccinum aurantiacum","Leccinum quercinum","rustrød skælrørhat",,"Gribskov, Tinghus Plantage","Denmark",56.03325969526153,12.309682847117074,75,"Ole Martin","jord eller humus","blandskov (med løv- og nåletræer)","","Vokser under Ædelgran. Birk og bøg i nærheden","Meget mild smag. Bruner svagt ved gennemskæring","Ole Martin","Thomas Læssøe","https://svampe.databasen.org/observations/9342972"
"DMS-9343307","","2018-10-12T00:00:00.000Z","approved",61471,"Leccinum aurantiacum","Leccinum quercinum","rustrød skælrørhat",,"Højkol Skov","Denmark",56.07150849767094,9.632229655981064,75,"Jens Mårbjerg","jord eller humus","løvskov med naturskovspræg","eg (Quercus)",,,"Jens Mårbjerg","Jens Mårbjerg","https://svampe.databasen.org/observations/9343307"
"DMS-9346616","","2018-10-24T00:00:00.000Z","approved",61471,"Leccinum aurantiacum","Leccinum quercinum","rustrød skælrørhat",,"Anhøj","Denmark",55.08179722,15.02912778,15,"Jan Riis-Hansen","jord eller humus","nåleskov/plantage","poppel (Populus)",,,"Jan Riis-Hansen","Torbjørn Borgen","https://svampe.databasen.org/observations/9346616"
"DMS-10003676","","1991-10-17T00:00:00.000Z","approved",61471,"Leccinum aurantiacum","Leccinum quercinum","rustrød skælrørhat",,"Fasanskoven, Vestamager","Denmark",55.62566995419465,12.544326782226562,75,"Benny T. Olsen","jord eller humus","løvskov med naturskovspræg","bævreasp (Populus tremula)",,,"Benny T. Olsen","Henry Dissing","https://svampe.databasen.org/observations/10003676"
"DMS-10005430","","2018-09-30T00:00:00.000Z","approved",61471,"Leccinum aurantiacum","Leccinum quercinum","rustrød skælrørhat",,"Sankt Magrethes Kapel","Denmark",56.37845245360444,9.362223566276953,10,"Rasmus Skræp Sørensen","jord eller humus","løvskov med naturskovspræg","eg (Quercus)",,"Fundet samme sted som DMS-9186650 (fra 2015).
Billeder: Hel, ved gennemskæring, 3 min efter gennemskæring og 1 time efter gennemskæring (meget sort øverst i stok).
Der er indsamlet belæg.","Rasmus Skræp Sørensen","Rasmus Skræp Sørensen","https://svampe.databasen.org/observations/10005430"
"DMS-10025762","","2019-08-23T00:00:00.000Z","approved",61471,"Leccinum aurantiacum","Leccinum quercinum","rustrød skælrørhat",,"Tårbæk, Cottageparken","Denmark",55.78048293754985,12.59085747442441,25,"Frank Desting","jord eller humus","park/kirkegård","bøg (Fagus), poppel (Populus), eg (Quercus)",,"Sortnende i stokkøddet ved brud, under eg, bøg og poppel, jf. foto.","Frank Desting","Frank Desting","https://svampe.databasen.org/observations/10025762"
"DMS-10025797","","2019-08-23T00:00:00.000Z","approved",61471,"Leccinum aurantiacum","Leccinum quercinum","rustrød skælrørhat",,"Tårbæk, Cottageparken","Denmark",55.78048293754985,12.590986220457125,25,"Frank Desting","jord eller humus","park/kirkegård","bøg (Fagus), poppel (Populus), eg (Quercus)",,"Stokkødet 'sortnende' ved gennemskæring... jf. foto.","Frank Desting","Frank Desting","https://svampe.databasen.org/observations/10025797"
"DMS-10027041","","2019-08-26T00:00:00.000Z","approved",61471,"Leccinum aurantiacum","Leccinum quercinum","rustrød skælrørhat",,"Elkær Plantage","Denmark",57.574295832541985,10.243446752429008,50,"Kim Jannick Fogt","jord eller humus","egekrat","poppel (Populus), bævreasp (Populus tremula), eg (Quercus)",,"Fandt flere i området.","Kim Jannick Fogt","Kim Jannick Fogt","https://svampe.databasen.org/observations/10027041"
"DMS-10027056","","2019-08-24T00:00:00.000Z","approved",61471,"Leccinum aurantiacum","Leccinum quercinum","rustrød skælrørhat",,"Draved Skov","Denmark",55.01486,8.971334,2500,"Helena Larsen","jord eller humus","løvskov med naturskovspræg","eg (Quercus)",,,"Helena Larsen","Helena Larsen","https://svampe.databasen.org/observations/10027056"
"DMS-10028691","","2019-09-01T00:00:00.000Z","approved",61471,"Leccinum aurantiacum","Leccinum quercinum","rustrød skælrørhat",,"Pøtmølle Skov","Denmark",56.281533171882664,9.907007217407227,75,"Pia Boisen Hansen","jord eller humus","løvskov","eg (Quercus)","Flotte rustbrune skæl på stokken.
Stokkød grårosa ved gennemskæring.",,"Pia Boisen Hansen","Pia Boisen Hansen","https://svampe.databasen.org/observations/10028691"
"DMS-10031006","","2019-09-07T00:00:00.000Z","approved",61471,"Leccinum aurantiacum","Leccinum quercinum","rustrød skælrørhat",,"Hørbylunde","Denmark",56.13679836030995,9.405069351196289,75,"Morten Strandberg","jord eller humus","løvskov","eg (Quercus)",,,"Morten Strandberg","Morten Strandberg","https://svampe.databasen.org/observations/10031006"
"DMS-10031683","","2019-09-07T00:00:00.000Z","approved",61471,"Leccinum aurantiacum","Leccinum quercinum","rustrød skælrørhat",,"Kallestrup","Denmark",56.64693427057088,9.457250135019422,5,"Birgit Knudsen","jord eller humus","pilemose/-krat","","Der står Pil, Bævreasp og en enkelt Birk.","Den har jeg ikke haft før, men de rødbrune skæl fangede min opmærkomhed. De var ikke så tydelige på den store, fordi den var så spist. Men på den lille nye var det bedre.","Birgit Knudsen","Birgit Knudsen","https://svampe.databasen.org/observations/10031683"
"DMS-10034012","","2019-09-14T00:00:00.000Z","approved",61471,"Leccinum aurantiacum","Leccinum quercinum","rustrød skælrørhat",,"Tolne","Denmark",57.48444444,10.33166667,15,"Kasper Malmberg","jord eller humus","løvskov","bøg (Fagus)",,,"Kasper Malmberg","Kasper Malmberg","https://svampe.databasen.org/observations/10034012"
"DMS-10037722","","2019-09-23T00:00:00.000Z","approved",61471,"Leccinum aurantiacum","Leccinum quercinum","rustrød skælrørhat",,"Hobro","Denmark",56.63300190147194,9.829316819814265,10,"Jens Chr. Schou","jord eller humus","levende hegn","bævreasp (Populus tremula)",,"Skæl farvede også på helt unge frl.","Jens Chr. Schou","Jens Chr. Schou","https://svampe.databasen.org/observations/10037722"
"DMS-10039088","","2019-09-26T00:00:00.000Z","approved",61471,"Leccinum aurantiacum","Leccinum quercinum","rustrød skælrørhat",,"Ambrosgårde","Denmark",57.25909416648449,10.927496733740767,18,"Jens H. Petersen","svampe","løvskov","poppel (Populus)",,,"Jens H. Petersen","Jens H. Petersen","https://svampe.databasen.org/observations/10039088"
"DMS-10042042","","2019-10-01T00:00:00.000Z","approved",61471,"Leccinum aurantiacum","Leccinum quercinum","rustrød skælrørhat",,"Ammitsbøl Skov","Denmark",55.62467651626152,9.427722644177265,50,"Ken A. Alminde","jord eller humus","løvskov","eg (Quercus)",,"Rustbrune stokskæl, blånen ses i gnav på stok og sparsomt nederst i stok ved gennemskæring, langsomt sortnende ved henstand efter gennemskæring. Overhængende hathud.","Ken A. Alminde","Ken A. Alminde","https://svampe.databasen.org/observations/10042042"
"DMS-10042283","","2019-10-01T00:00:00.000Z","approved",61471,"Leccinum aurantiacum","Leccinum quercinum","rustrød skælrørhat",,"Knudshoved Færgehavn","Denmark",55.29759652653984,10.839463267475367,10,"Lisbeth Brendstrup","jord eller humus","løvskov","sølv-poppel (Populus alba)",,,"Lisbeth Brendstrup","Lisbeth Brendstrup","https://svampe.databasen.org/observations/10042283"
"DMS-10044077","","2019-10-04T00:00:00.000Z","approved",61471,"Leccinum aurantiacum","Leccinum quercinum","rustrød skælrørhat",,"Brillesøen","Denmark",55.492774530372415,8.412840629462153,25,"Lasse mersch","jord eller humus","park/kirkegård","poppel (Populus)",,"hatten er rød brun stok  stokken med rust rød skæl stokken gennem skåret starter med blågrøn efter 2 timer over det meste af stokken så efter 24 ca timer er den bliver mere sort  det sidste billeder af svampen efter ca 24 timer  der stod to eg træer på hver side med ca 10-15 m  en en enkel fyr 5-7  m området har været plantet med sølv poppel men blev fældet da de gav rod udløber som så stadig væk kommer men bliver holdt ned","Lasse mersch","Tina Larsen","https://svampe.databasen.org/observations/10044077"
"DMS-10044854","","2019-09-29T00:00:00.000Z","approved",61471,"Leccinum aurantiacum","Leccinum quercinum","rustrød skælrørhat",,"Gråsten Skovene","Denmark",54.92906867,9.55396781,15,"Rune Juelsborg Karsten","jord eller humus","løvskov med naturskovspræg","eg (Quercus)",,,"Rune Juelsborg Karsten","Rune Juelsborg Karsten","https://svampe.databasen.org/observations/10044854"
"DMS-10049511","","2019-09-27T00:00:00.000Z","approved",61471,"Leccinum aurantiacum","Leccinum quercinum","rustrød skælrørhat",,"Bodilsker Plantage","Denmark",55.07278056,15.02428889,15,"Michael Sonniks","jord eller humus","løvskov","eg (Quercus)",,,"Michael Sonniks","Michael Sonniks","https://svampe.databasen.org/observations/10049511"
"DMS-10049631","","2019-10-01T00:00:00.000Z","approved",61471,"Leccinum aurantiacum","Leccinum quercinum","rustrød skælrørhat",,"Slotslyngen","Denmark",55.26074167,14.75114167,15,"Michael Sonniks","jord eller humus","løvskov","bævreasp (Populus tremula)",,,"Michael Sonniks","Michael Sonniks","https://svampe.databasen.org/observations/10049631"
"DMS-10105088","","2020-09-05T00:00:00.000Z","approved",61471,"Leccinum aurantiacum","Leccinum quercinum","rustrød skælrørhat",,"Ellenæs","Denmark",54.72885750517985,11.547733095358126,50,"Thomas Læssøe","ved og rødder af døde træer","løvskov","poppel (Populus)","",,"Thomas Læssøe, Martin Schier Christiansen","Thomas Læssøe","https://svampe.databasen.org/observations/10105088"
"DMS-10203403","","2021-08-28T00:00:00.000Z","approved",61471,"Leccinum aurantiacum","Leccinum quercinum","rustrød skælrørhat",,"Nejsum Hede","Denmark",57.30763666666667,10.229275,4,"Anders Ø. Bertelsen","jord eller humus","løvskov med naturskovspræg","","På skråning bland løvtræer, primært bøg. ","Primært blandt bøg. Hat diameter, 11cm, højde 13cm. Sortnende kød efter gennemskæring. Først rødlige nuancer, senere sort.","Anders Ø. Bertelsen","Anders Ø. Bertelsen","https://svampe.databasen.org/observations/10203403"
"DMS-10305908","","2022-10-07T00:00:00.000Z","approved",61471,"Leccinum aurantiacum","Leccinum quercinum","rustrød skælrørhat",,"Sandbæk Plantage","Denmark",56.14621890479587,8.583755493164062,25,"David Boertmann","jord eller humus","blandskov (med løv- og nåletræer)","eg (Quercus)","i græs på vejkant","bliver langsomt sort i kødet efter gennemskæring","David Boertmann, Hanne Petra Katballe","David Boertmann","https://svampe.databasen.org/observations/10305908"
"DMS-10402952","","2023-11-02T00:00:00.000Z","approved",61471,"Leccinum aurantiacum","Leccinum quercinum","rustrød skælrørhat",,"Køge Å","Denmark",55.46124667,12.148155,15,"Jørgen Mikkelsen","jord eller humus","løvskov","poppel (Populus), eg (Quercus)",,,"Jørgen Mikkelsen, Kirsten Bjørnsson","Jørgen Mikkelsen","https://svampe.databasen.org/observations/10402952"
"DMS-103811","","2010-08-16T00:00:00.000Z","approved",61471,"Leccinum aurantiacum","","rustrød skælrørhat",,"Vestskoven, København","Denmark",55.69244,12.37687,75,"Svend Aage Olsen","jord eller humus","blandskov (med løv- og nåletræer)","","[Associated organism: Asp]","","Svend Aage Olsen","Svend Aage Olsen","https://svampe.databasen.org/observations/103811"
"DMS-153701","","2011-07-07T00:00:00.000Z","approved",61471,"Leccinum aurantiacum","","rustrød skælrørhat",,"Vestskoven, København","Denmark",55.70323,12.34777,75,"Svend Aage Olsen","jord eller humus","blandskov (med løv- og nåletræer)","","[Associated organism: Asp (Populus)]","","Svend Aage Olsen","Svend Aage Olsen","https://svampe.databasen.org/observations/153701"
"DMS-387846","","2011-09-22T00:00:00.000Z","approved",61471,"Leccinum aurantiacum","","rustrød skælrørhat",,"Bavnehøj","Denmark",56.36772,8.99128,100,"Arne Jakobsen","løv- eller nåledække, løse blade og nåle","blandskov (med løv- og nåletræer)","","","Tydelig blånen ved stokbasis. Har tørret materiale.","Arne Jakobsen","Arne Jakobsen","https://svampe.databasen.org/observations/387846"
"DMS-453167","","2012-08-08T00:00:00.000Z","approved",61471,"Leccinum aurantiacum","","rustrød skælrørhat",,"Vestskoven, København","Denmark",55.695,12.38743,75,"Svend Aage Olsen","jord eller humus","blandskov (med løv- og nåletræer)","poppel (Populus)","","","Svend Aage Olsen","Svend Aage Olsen","https://svampe.databasen.org/observations/453167"
"DMS-480419","","2012-10-14T00:00:00.000Z","approved",61471,"Leccinum aurantiacum","","rustrød skælrørhat",,"Borresø","Denmark",56.12691,9.5928,25,"Morten Strandberg","jord eller humus","blandskov (med løv- og nåletræer)","bævreasp (Populus tremula)","","","Morten Strandberg","Morten Strandberg","https://svampe.databasen.org/observations/480419"
"DMS-480489","","2012-10-13T00:00:00.000Z","approved",61471,"Leccinum aurantiacum","","rustrød skælrørhat",,"Snarup Mose (Loddenlung)","Denmark",55.15096,10.44837,25,"Mogens Holm","jord eller humus","mose","poppel (Populus)","","","Mogens Holm","Mogens Holm","https://svampe.databasen.org/observations/480489"
"DMS-9179455","","2016-10-21T00:00:00.000Z","approved",61471,"Leccinum aurantiacum","","rustrød skælrørhat",,"Horreby Lyng","Denmark",54.8104574385517,12.005805298103951,25,"Rita Forup","jord eller humus","vejkant","bævreasp (Populus tremula)",,"ved gennemskæring var den hvid, men efter få minutter skete en mørkfarvning","","Rita Forup","https://svampe.databasen.org/observations/9179455"
"DMS-9206468","","2017-08-27T00:00:00.000Z","approved",61471,"Leccinum aurantiacum","","rustrød skælrørhat",,"Kompedal Plantage","Denmark",56.2642338740388,9.245681762695312,100,"Niels V. Mogensen","jord eller humus","pilemose/-krat","poppel (Populus)","I fugtigt område under poppel, pil og birk",,"Niels V. Mogensen","Niels V. Mogensen","https://svampe.databasen.org/observations/9206468"
"DMS-9320804","","2018-08-19T00:00:00.000Z","approved",61471,"Leccinum aurantiacum","","rustrød skælrørhat",,"Hobro Østerskov","Denmark",56.63634760641646,9.842655658721924,25,"Arne Pedersen","jord eller humus","løvskov med naturskovspræg","bævreasp (Populus tremula)","Fundet i udkant af skov ned mod Mariagerfjord i et sumpet område med bævreasp,pil og bjørneklo","Hat diameter 7,0 cm.,orange med  2-3 mm ombukket  hathudsrand-som om hathuden er for stor.Rørmundingerne er cremede og mest centralt omkring stokken lidt grålige.Stokken kølleformet,cylindrisk 12,5 cm høj.Bredde under hatten og ved basis 2,5 cm. og 5,0 cm.Overfladen på stokken  hvidskællet.Farves brunligt ved berøring.Nedadtil ved basis blågrønlige toner.Ved gennemskæring hvid farve der  lynhurtigt ændres til gråbrunlige toner tilblandet lidt lilla.Efter et par minutter er der opadtil i proximale hat og stok næsten sortfarvning/meget mørkegråt.Lugt svagt frugtagtig.Smag mild.","Arne Pedersen","Arne Pedersen","https://svampe.databasen.org/observations/9320804"
"DMS-9320810","","2018-08-19T00:00:00.000Z","approved",61471,"Leccinum aurantiacum","","rustrød skælrørhat",,"Hobro Østerskov","Denmark",56.63593458075671,9.843063354492188,75,"Arne Pedersen","jord eller humus","løvskov med naturskovspræg","bævreasp (Populus tremula)","Fundet i sumpet område bevokset af pil bævreasp og bjørneklo. 1 m til bævreasp.",,"Arne Pedersen","Arne Pedersen","https://svampe.databasen.org/observations/9320810"
"DMS-9328926","","2018-09-12T00:00:00.000Z","approved",61471,"Leccinum aurantiacum","","rustrød skælrørhat",,"Buderupholm Bjergeskov","Denmark",56.859991593313666,9.861163990572093,5,"Erik Arnfred Thomsen","jord eller humus","løvskov med naturskovspræg","bævreasp (Populus tremula)",,,"Erik Arnfred Thomsen","Erik Arnfred Thomsen","https://svampe.databasen.org/observations/9328926"
"DMS-9338601","","2018-10-01T00:00:00.000Z","Validation in progress",61471,"Leccinum aurantiacum","","rustrød skælrørhat",,"Hobro Østerskov","Denmark",56.63644201164665,9.844951629638672,25,"Arne Pedersen","jord eller humus","løvskov med naturskovspræg","bævreasp (Populus tremula)","Vokser i sumpområde med bjørneklo og bævreasp.","Hat 12 cm orangebrun.Rørlaget udrandet,farven er cremet til lys okker med brunligt skær.Stokken 10 cm  kølleformet tykkest nedadtil 3,5cm op under hatten 2,0cm.Stokken cremet med brunlige småskæl-ikke sorte.Lugt upåfaldende.Smag mild.Snitflade:Hat og stokkød anløber langsom  gråt til gråviolet.Ser i første omgang ingen blåfarvning af stokbasis.","Arne Pedersen","Arne Pedersen","https://svampe.databasen.org/observations/9338601"
"DMS-10040138","","2019-09-28T00:00:00.000Z","approved",61471,"Leccinum aurantiacum","","rustrød skælrørhat",,"Tisvilde Hegn","Denmark",56.04476708296568,12.048620221903548,75,"Poul Evald Hansen","jord eller humus","løvskov","bævreasp (Populus tremula)",,"Lidt mørkgrønt anløbende forneden","Poul Evald Hansen","Poul Evald Hansen","https://svampe.databasen.org/observations/10040138"
"DMS-10100888","","2020-08-10T00:00:00.000Z","approved",61471,"Leccinum aurantiacum","","rustrød skælrørhat",,"Fuglsang Sø","Denmark",56.15846112723178,8.963206370500137,65,"Johannes Lund Pedersen","urtestængler, græsstrå mv.","græsplæne","bævreasp (Populus tremula)",,,"Johannes Lund Pedersen","Torbjørn Borgen","https://svampe.databasen.org/observations/10100888"
"DMS-10101041","","2020-08-12T00:00:00.000Z","expert approved",61471,"Leccinum aurantiacum","","rustrød skælrørhat",,"Troldekrog","Denmark",55.09263818498117,10.525269038917031,50,"Dan Schou","jord eller humus","vejkant","",,"En stor flot rørhat. Hatten rustbrun-rød med lidt ujævnheder og med hathuden lidt ud over kanten. Porefladen næsten farveløs - smudsig lys gul-brun, porene ret små og ujævne. Stokken med mørkebrune skæl, grove for oven, men finere nedefter. Ved overskæringen ingen farveændring, måske lid mørknet. Stor ca, 11 cm i hatmål og ca. 14 cm. høj.  jeg har brugt de til min rådighed værende hjælpemidler - bøger - MycoKeys, imagevision og andres fund. Og den smule erfaring jeg selv har.","Dan Schou","Dan Schou","https://svampe.databasen.org/observations/10101041"
"DMS-10105846","","2020-09-08T00:00:00.000Z","approved",61471,"Leccinum aurantiacum","","rustrød skælrørhat",,"Hobro","Denmark",56.63567496231339,9.776716232299805,25,"Arne Pedersen","jord eller humus","græsplæne","poppel (Populus)","Stor gammel poppel på græsplæne ved parkeringsplads.Eg i nærheden.","Hatkød og stok kød sortner på snit.Billede følger.","Arne Pedersen","Arne Pedersen","https://svampe.databasen.org/observations/10105846"
"DMS-10105852","","2020-09-08T00:00:00.000Z","approved",61471,"Leccinum aurantiacum","","rustrød skælrørhat",,"Hobro","Denmark",56.63563955965999,9.776716232299805,25,"Arne Pedersen","jord eller humus","græsplæne","poppel (Populus)","Vokser i græsplæne ved gammel  poppel  ved parkeringsplads i industrikvarter.Eg i nærheden.","Sortsværtning af hatkød og øverste stokkød på snit.Billede følger.","Arne Pedersen","Arne Pedersen","https://svampe.databasen.org/observations/10105852"
"DMS-10105959","","2020-09-08T00:00:00.000Z","approved",61471,"Leccinum aurantiacum","","rustrød skælrørhat",,"Skovmark (Hvidkilde)","Denmark",55.09025595315985,10.523575797560625,75,"Dan Schou","jord eller humus","blandskov (med løv- og nåletræer)","poppel (Populus)","Poppel af en art. ","Sad i skovbunden under meget store poppelagtige træer, rustrød hat, som det kan ses på første billede, sammensat af micro-fibre. Lyse lameller. Brune skæl på stokken. Ca. 30 m.m. i hatmål og ca. 70 m.m. høj. Lugt og smag, ingen af betydning. Jeg har været i tvivl om det var en Aspe-skælrørhat.","Dan Schou","Dan Schou","https://svampe.databasen.org/observations/10105959"
"DMS-10106948","","2020-09-10T00:00:00.000Z","approved",61471,"Leccinum aurantiacum","","rustrød skælrørhat",,"Måstrup Mose","Denmark",57.53250609174963,10.295391082763672,75,"Hans Olav Møller","jord eller humus","mose","birk (Betula), bævreasp (Populus tremula)",,,"Hans Olav Møller","Hans Olav Møller","https://svampe.databasen.org/observations/10106948"
"DMS-10111368","","2020-09-19T00:00:00.000Z","approved",61471,"Leccinum aurantiacum","","rustrød skælrørhat",,"Lundegårde","Denmark",56.9914097887786,9.97000727802515,50,"Mikkel Toft Hornum","jord eller humus","løvskov","bævreasp (Populus tremula)",,"rustrøde skæl på stokken","Mikkel Toft Hornum, Rasmus Riis-Hansen, Martin Schier Christiansen, Henrik Benjamin Torrier Choi Nielsen, Anders Adams, Jakob S.M Raarup, Rasmus Skræp Sørensen","Mikkel Toft Hornum","https://svampe.databasen.org/observations/10111368"
"DMS-10111382","","2020-09-19T00:00:00.000Z","approved",61471,"Leccinum aurantiacum","","rustrød skælrørhat",,"Gistrup","Denmark",56.99077873935125,9.975414276123047,75,"Henrik Benjamin Torrier Choi Nielsen","jord eller humus","overdrev","birk (Betula), eg (Quercus)",,"Med rødbrune skæl og overhængende hathud. Kødet sortner efter gennemskæring (efter et stykke tid), blåner svagt ca. halvvejs op i stokken.","Henrik Benjamin Torrier Choi Nielsen, Anders Adams, Martin Schier Christiansen, Rasmus Riis-Hansen, Rasmus Skræp Sørensen, Mikkel Toft Hornum","Henrik Benjamin Torrier Choi Nielsen","https://svampe.databasen.org/observations/10111382"
"DMS-10112006","","2020-09-19T00:00:00.000Z","expert approved",61471,"Leccinum aurantiacum","","rustrød skælrørhat",,"Rødme Svinehaver","Denmark",55.09994362934013,10.498548075120198,25,"Dan Schou","jord eller humus","overdrev","eg (Quercus)",,"Sad i græsset under en stor gammel eg. Mat rustrød halvkugleformet hat. Helt lyse pore. Skællet i striber af mellem-brune skæl. Mild smag og lugt. Ca. 65 m.m. i hatmål og ca. 80 m.m. høj.","Dan Schou","Dan Schou","https://svampe.databasen.org/observations/10112006"
"DMS-10110599","","2020-09-17T00:00:00.000Z","expert approved",61471,"Leccinum aurantiacum","","rustrød skælrørhat",,"Snejbjerg Sparekasses Plantage","Denmark",56.13564585136222,8.849473893642424,5,"May-Britt Shelløe","jord eller humus","blandskov (med løv- og nåletræer)","","Forskellige løvtræer (bl.a. asp) og gran.",,"May-Britt Shelløe","Thomas Læssøe","https://svampe.databasen.org/observations/10110599"
"DMS-10110601","","2020-09-17T00:00:00.000Z","expert approved",61471,"Leccinum aurantiacum","","rustrød skælrørhat",,"Snejbjerg Sparekasses Plantage","Denmark",56.137377497493056,8.847896754741669,5,"May-Britt Shelløe","jord eller humus","blandskov (med løv- og nåletræer)","",,,"May-Britt Shelløe","Thomas Læssøe","https://svampe.databasen.org/observations/10110601"
"DMS-10113155","","2020-09-22T00:00:00.000Z","expert approved",61471,"Leccinum aurantiacum","","rustrød skælrørhat",,"Kølkær","Denmark",56.0597668816258,9.12841855517988,833,"Leif Wegge Laursen","jord eller humus","pilemose/-krat","bævreasp (Populus tremula)",,,"Leif Wegge Laursen","Leif Wegge Laursen","https://svampe.databasen.org/observations/10113155"
"DMS-10118698","","2020-09-30T00:00:00.000Z","approved",61471,"Leccinum aurantiacum","","rustrød skælrørhat",,"Trekanten","Denmark",55.91628947329233,10.613316533854231,50,"Karen Poulsen","jord eller humus","blandskov (med løv- og nåletræer)","poppel (Populus)","Flot orange rørhat med rustrøde skæl på stok.
I midterrabaten på kørespor ved Poppel.",,"Karen Poulsen","Karen Poulsen","https://svampe.databasen.org/observations/10118698"
"DMS-10122851","","2020-10-05T00:00:00.000Z","approved",61471,"Leccinum aurantiacum","","rustrød skælrørhat",,"Skåde Skov","Denmark",56.0983989297242,10.235228241363073,25,"Flemming V. Larsen","jord eller humus","løvskov","eg (Quercus)",,,"Flemming V. Larsen","Flemming V. Larsen","https://svampe.databasen.org/observations/10122851"
"DMS-10125190","","2020-09-26T00:00:00.000Z","approved",61471,"Leccinum aurantiacum","","rustrød skælrørhat",,"Bodilsker Plantage","Denmark",55.07074722,15.02349444,15,"Michael Sonniks","jord eller humus","løvskov","bøg (Fagus), eg (Quercus)",,,"Michael Sonniks","Michael Sonniks","https://svampe.databasen.org/observations/10125190"
"DMS-10134294","","2020-10-11T00:00:00.000Z","approved",61471,"Leccinum aurantiacum","","rustrød skælrørhat",,"Pinseskoven, Vestamager","Denmark",55.57730151551282,12.552317753434181,50,"Benny T. Olsen","jord eller humus","sumpskov","bævreasp (Populus tremula)",,,"Benny T. Olsen","Benny T. Olsen","https://svampe.databasen.org/observations/10134294"
"DMS-10136115","","2020-10-22T00:00:00.000Z","approved",61471,"Leccinum aurantiacum","","rustrød skælrørhat",,"Rimmerne","Denmark",57.563524403649254,10.258112694136798,50,"Bjarke Huus Jensen","jord eller humus","hede","bævreasp (Populus tremula)",,,"Bjarke Huus Jensen","Tom Smidth","https://svampe.databasen.org/observations/10136115"
"DMS-10185744","","2021-05-30T00:00:00.000Z","approved",61471,"Leccinum aurantiacum","","rustrød skælrørhat",,"Melby Overdrev","Denmark",56.01510461187715,11.995656252038314,10,"Vilhelm Dalgaard","jord eller humus","hede","bævreasp (Populus tremula)",,,"Vilhelm Dalgaard","Vilhelm Dalgaard","https://svampe.databasen.org/observations/10185744"
"DMS-10191793","","2021-07-18T00:00:00.000Z","approved",61471,"Leccinum aurantiacum","","rustrød skælrørhat",,"Tårbæk, Cottageparken","Denmark",55.780525,12.59066667,15,"Jørgen Mikkelsen","jord eller humus","park/kirkegård","poppel (Populus)",,,"Jørgen Mikkelsen, Kirsten Bjørnsson","Jørgen Mikkelsen","https://svampe.databasen.org/observations/10191793"
"DMS-10199014","","2021-08-18T00:00:00.000Z","approved",61471,"Leccinum aurantiacum","","rustrød skælrørhat",,"Teglstrup Hegn","Denmark",56.05178959548612,12.551880249520764,50,"Benny T. Olsen","jord eller humus","løvskov","eg (Quercus)","Hat rødbrun til brun, stok med hvidlige skæl der gradvis får hattens farve, kød langsomt sortnende.",,"Benny T. Olsen, Anne Storgaard, Grith Styrck Carlsen, Kirsten Bjørnsson, Jørgen Mikkelsen, Ole Sparre Pedersen","Benny T. Olsen","https://svampe.databasen.org/observations/10199014"
"DMS-10210056","","2021-09-08T00:00:00.000Z","approved",61471,"Leccinum aurantiacum","","rustrød skælrørhat",,"Aldershvile Slotspark","Denmark",55.76997664464827,12.454625293362286,24,"Frank Desting","jord eller humus","park/kirkegård","eg (Quercus)","et enkelt frl. under eg i parken","Noget grånende i stokkød ved gennemskæring.","Frank Desting","Tobias Bøllingtoft","https://svampe.databasen.org/observations/10210056"
"DMS-10211057","","2021-09-10T00:00:00.000Z","approved",61471,"Leccinum aurantiacum","","rustrød skælrørhat",,"Fosdalen","Denmark",57.13029362003849,9.41690943002055,126,"Eva Høeg","jord eller humus","løvskov","eg (Quercus)",,,"Eva Høeg","Benny T. Olsen","https://svampe.databasen.org/observations/10211057"
"DMS-10208348","","2021-09-04T00:00:00.000Z","expert approved",61471,"Leccinum aurantiacum","","rustrød skælrørhat",,"Bøtø Plantage","Denmark",54.63183333,11.955375,15,"Annette Greenfort","jord eller humus","blandskov (med løv- og nåletræer)","bævreasp (Populus tremula)","ved sti mellem træbevoksning og kornmark ","meget stort, kødfuldt frl.; kraftig rød hat med overhængende hathud; høj, brunlig stok med mørke skæl","Annette Greenfort","Thomas Læssøe","https://svampe.databasen.org/observations/10208348"
"DMS-10218825","","2021-09-25T00:00:00.000Z","approved",61471,"Leccinum aurantiacum","","rustrød skælrørhat",,"Enemærket Skov (Moesgård)","Denmark",56.086069494563255,10.238532722869422,25,"Flemming V. Larsen","jord eller humus","blandskov (med løv- og nåletræer)","poppel (Populus), eg (Quercus)",,,"Flemming V. Larsen","Flemming V. Larsen","https://svampe.databasen.org/observations/10218825"
"DMS-10220966","","2021-09-28T00:00:00.000Z","approved",61471,"Leccinum aurantiacum","","rustrød skælrørhat",,"Bodilsker Plantage","Denmark",55.072126695682286,15.023127524473237,25,"Margot Nielsen","jord eller humus","løvskov","bøg (Fagus), eg (Quercus)","I en bøgebevoksninge. Smågrene med blade af rød-eg sås omkring svampen. Men egetræet selv kunne vi ikke se.","brune skæl på stokken.","Margot Nielsen, Kirsten Bjørnsson, Jørgen Mikkelsen, Ole Sparre Pedersen, Benny T. Olsen","Margot Nielsen","https://svampe.databasen.org/observations/10220966"
"DMS-10221517","","2021-09-27T00:00:00.000Z","Validation in progress",61471,"Leccinum aurantiacum","","rustrød skælrørhat",,"Teglstrup Hegn","Denmark",56.057696811747604,12.559803128242491,5,"Ole Martin","jord eller humus","løvskov","","Fundet under bøg",". Sortner straks ved gennemskæring. Der er hverken pil, poppel eller bævreasp i nærheden","Ole Martin","Ole Martin","https://svampe.databasen.org/observations/10221517"
"DMS-10224236","","2021-10-02T00:00:00.000Z","approved",61471,"Leccinum aurantiacum","","rustrød skælrørhat",,"Melby Overdrev","Denmark",56.0180055,12.001569445,5,"Tine Schultz","jord eller humus","nåleskov med naturskovspræg","birk (Betula), eg (Quercus), nåletræ (nåletræ)",,,"Tine Schultz","Morten Strandberg","https://svampe.databasen.org/observations/10224236"
"DMS-10226130","","2021-10-01T00:00:00.000Z","expert approved",61471,"Leccinum aurantiacum","","rustrød skælrørhat",,"Hjulmagermyr","Denmark",55.11704667,14.94593167,15,"Frede Scheye","jord eller humus","blandskov (med løv- og nåletræer)","eg (Quercus)",,"Rødbrun noget skællet hat med hvide rør og hvidlig stok med rødbrune skæl. Kød i hat og stok sortner langsomt. Mild smag. Ingen Birke, kun Eg og Bøg, så min første tanke om Orange Skælrørhat duede ikke lige, men hjulnøglen viser vej til Rustbrun Skælrørhat. Har ikke belæg, så sporemål ej muligt.","Frede Scheye","Frede Scheye","https://svampe.databasen.org/observations/10226130"
"DMS-10024791","","2019-08-20T00:00:00.000Z","expert approved",61471,"Leccinum aurantiacum","","rustrød skælrørhat",,"Hestbjerg","Denmark",56.284650859731535,8.533134094977868,5,"Anders Greibe Nielsen","jord eller humus","levende hegn","","","Stod i forbindelse med fyr. Tætteste løvtræ var en bævreasp, cirka 15 m derfra.","Anders Greibe Nielsen","Jens H. Petersen","https://svampe.databasen.org/observations/10024791"
"DMS-10289034","","2022-09-14T00:00:00.000Z","approved",61471,"Leccinum aurantiacum","","rustrød skælrørhat",,"Strandskov, Vemmetofte","Denmark",55.233804,12.19832,65,"Per Schilling","jord eller humus","løvskov","eg (Quercus)",,,"Per Schilling, Thomas Kehlet","Per Schilling","https://svampe.databasen.org/observations/10289034"
"DMS-10289517","","2022-09-14T00:00:00.000Z","approved",61471,"Leccinum aurantiacum","","rustrød skælrørhat",,"Hune Plantage","Denmark",57.25356275959642,9.643164753651945,25,"Jørgen Mikkelsen","jord eller humus","blandskov (med løv- og nåletræer)","ædelgran (Abies), poppel (Populus)",,"Rustbrune skæl, stærkt grånende kød, sporer Qgns. 3,3.","Jørgen Mikkelsen, Kirsten Bjørnsson","Jørgen Mikkelsen","https://svampe.databasen.org/observations/10289517"
"DMS-10292248","","2022-09-20T00:00:00.000Z","approved",61471,"Leccinum aurantiacum","","rustrød skælrørhat",,"Hvidkilde Gods","Denmark",55.0768445,10.542345,7743,"Ole Heilmann-Clausen","jord eller humus","løvskov med naturskovspræg","ask (Fraxinus), fyr (Pinus), poppel (Populus), eg (Quercus), pil (Salix)",,"H
Vunder egetræer","Ole Heilmann-Clausen","Morten Strandberg","https://svampe.databasen.org/observations/10292248"
"DMS-10292517","","2022-09-21T00:00:00.000Z","Rejected",61471,"Leccinum aurantiacum","","rustrød skælrørhat",,"Kobberdam","Denmark",56.057502746388884,12.557411193611111,65,"Tommy Trans","jord eller humus","sumpskov","bøg (Fagus)",,"Ikke kraftig duft, stod i grupper, let rødmen efter gennemskæring, dog mere mørk efter Ca 10 min, stod i hård jord ved sti omgivet af mos, ved sø og sump
","Tommy Trans","Michael Sonniks","https://svampe.databasen.org/observations/10292517"
"DMS-10302171","","2022-10-04T00:00:00.000Z","approved",61471,"Leccinum aurantiacum","","rustrød skælrørhat",,"Salbjerg","Denmark",55.03403588108254,9.370316505955998,25,"Martin Schier Christiansen","jord eller humus","løvskov","eg (Quercus)",,"","Martin Schier Christiansen, Anders Adams, Anna-Klara K. Kjeldgaard, Uffe Nygaard","Martin Schier Christiansen","https://svampe.databasen.org/observations/10302171"
"DMS-10303488","","2022-10-05T00:00:00.000Z","approved",61471,"Leccinum aurantiacum","","rustrød skælrørhat",,"Draved Skov","Denmark",55.01667778,8.96894444,15,"Uffe Nygaard","jord eller humus","løvskov med naturskovspræg","bøg (Fagus), eg (Quercus)",,,"Uffe Nygaard, Anders Adams, Martin Schier Christiansen","Uffe Nygaard","https://svampe.databasen.org/observations/10303488"
"DMS-10305714","","2022-10-06T00:00:00.000Z","approved",61471,"Leccinum aurantiacum","","rustrød skælrørhat",,"Gråsten Skovene","Denmark",54.93052001665154,9.578335632104427,25,"Ole Sparre Pedersen","jord eller humus","løvskov","","Eg  og andre løvtræer i nærheden.",,"Ole Sparre Pedersen, Jørgen Mikkelsen","Ole Sparre Pedersen","https://svampe.databasen.org/observations/10305714"
"DMS-10305751","","2022-10-07T00:00:00.000Z","approved",61471,"Leccinum aurantiacum","","rustrød skælrørhat",,"Ammitsbøl Skov","Denmark",55.628825769840724,9.455135330426856,10,"Ken A. Alminde","jord eller humus","løvskov","eg (Quercus)",,"Rustbrune stokskæl, svag blånen ses i gnav på stok, langsomt sortnende ved henstand efter gennemskæring. Overhængende hathud.","Ken A. Alminde","Ken A. Alminde","https://svampe.databasen.org/observations/10305751"
"DMS-10307679","","2022-10-09T00:00:00.000Z","approved",61471,"Leccinum aurantiacum","","rustrød skælrørhat",,"Tankefuld","Denmark",55.038911391170906,10.562399182781519,5,"Dan Schou","jord eller humus","blandskov (med løv- og nåletræer)","poppel (Populus)",,"Ret store svampe, kunne ligne Aspe-skælrørhat og alligevel ikke. Har ikke så fibret hat, men har overhængende hathud. Porefladen er sortnet, ved berøring / skade, men er næsten hvid. Stokken lidt slangemønstret  i mørkt på hvid bund, ved gennemskæringen sortnede kødet lidt sort. Ca. 70 -110 mm. hatmål og ca. 80 - 130 mm. høje.","Dan Schou","Torbjørn Borgen","https://svampe.databasen.org/observations/10307679"
"DMS-10308622","","2022-10-10T00:00:00.000Z","approved",61471,"Leccinum aurantiacum","","rustrød skælrørhat",,"Aspebakker","Denmark",55.11083178811701,14.93539810180664,75,"Jan Riis-Hansen","jord eller humus","blandskov (med løv- og nåletræer)","eg (Quercus)",,,"Jan Riis-Hansen, Lars Bitsch","Jan Riis-Hansen","https://svampe.databasen.org/observations/10308622"
"DMS-10308870","","2022-10-11T00:00:00.000Z","approved",61471,"Leccinum aurantiacum","","rustrød skælrørhat",,"Fuglsang Bro","Denmark",56.25707,8.503878333333333,5,"Elisabeth Borch","jord eller humus","hede","bævreasp (Populus tremula)",,"Visker i kanten af Vind hede. Bævreasp og birk i området. Overhængende harhud. RuTbeune skæl. ","Elisabeth Borch","Elisabeth Borch","https://svampe.databasen.org/observations/10308870"
"DMS-10309755","","2022-10-12T00:00:00.000Z","approved",61471,"Leccinum aurantiacum","","rustrød skælrørhat",,"Klaresø","Denmark",56.05023371975578,12.55589634362143,53,"Anne-Marie Madsen","jord eller humus","løvskov","eg (Quercus)",,"Ved eg men også nær birk og pil.
","Anne-Marie Madsen, Benny T. Olsen, Jørgen Mikkelsen, Kirsten Bjørnsson","Anne-Marie Madsen","https://svampe.databasen.org/observations/10309755"
"DMS-10315065","","2022-10-15T00:00:00.000Z","expert approved",61471,"Leccinum aurantiacum","","rustrød skælrørhat",,"Vejlskov","Denmark",55.96700158278826,10.135166645050047,25,"Helle Ljungdahl","jord eller humus","løvskov med naturskovspræg","",,,"Helle Ljungdahl","Helle Ljungdahl","https://svampe.databasen.org/observations/10315065"
"DMS-10315385","","2022-10-19T00:00:00.000Z","approved",61471,"Leccinum aurantiacum","","rustrød skælrørhat",,"Højsande","Denmark",57.29989008921925,11.040553736326515,22,"Thomas Læssøe","jord eller humus","blandskov (med løv- og nåletræer)","poppel (Populus)",,,"Thomas Læssøe","Thomas Læssøe","https://svampe.databasen.org/observations/10315385"
"DMS-10320940","","2022-10-22T00:00:00.000Z","approved",61471,"Leccinum aurantiacum","","rustrød skælrørhat",,"Sandersvig Skov","Denmark",55.342505,9.643245,9,"Peter Holbech","jord eller humus","løvskov","bøg (Fagus), eg (Quercus)",,"Har fundet tilsvarende i 2021. De var mere friske og blev efter 1/2 minut lys brun og derefter mørkere ved gennemskæring. Lugter næsten ikke. ","Peter Holbech","Michael Sonniks","https://svampe.databasen.org/observations/10320940"
"DMS-10322460","","2022-10-27T00:00:00.000Z","approved",61471,"Leccinum aurantiacum","","rustrød skælrørhat",,"Jens Bæks Vedkast","Denmark",56.09843787315974,10.235320155377568,32,"Frederik Josefsen","jord eller humus","blandskov (med løv- og nåletræer)","bøg (Fagus), gran (Picea), eg (Quercus)",,"Lidt i vildrede her.
Ingen Asp, birk eller fyr i nærheden.
","Frederik Josefsen","Benny T. Olsen","https://svampe.databasen.org/observations/10322460"
"DMS-10326476","","2022-11-02T00:00:00.000Z","approved",61471,"Leccinum aurantiacum","","rustrød skælrørhat",,"Asserbo Plantage","Denmark",56.01601616699861,12.00080394744873,50,"Ole Martin","jord eller humus","kyst- og overdrevskrat","bævreasp (Populus tremula)",,,"Ole Martin","Thomas Læssøe","https://svampe.databasen.org/observations/10326476"
"DMS-10361810","","2023-07-28T00:00:00.000Z","approved",61471,"Leccinum aurantiacum","","rustrød skælrørhat",,"Balle By","Denmark",56.184338333333336,9.510488333333333,5,"Jacob Schmidt","jord eller humus","park/kirkegård","bøg (Fagus), poppel (Populus)","Under poppel. Der var dog også en bøgehæk tæt på.","Tænkte først aspe-skælrørhat, men samtlige unge frl, jeg kunne finde havde brunlige skæl på stokken. Overvejede om tørke kunne spille ind. Poppel-skælrørhat passer ikke rigtig med den rustrøde, overhængende, tandede hathud.
Er derfor endt med rustrød.","Jacob Schmidt","Jacob Schmidt","https://svampe.databasen.org/observations/10361810"
"DMS-10363056","","2023-07-31T00:00:00.000Z","approved",61471,"Leccinum aurantiacum","","rustrød skælrørhat",,"Tårbæk, Cottageparken","Denmark",55.78044673639657,12.590881381183861,10,"Thomas Læssøe","jord eller humus","park/kirkegård","poppel (Populus)",,"mange mest helt unge","Thomas Læssøe","Thomas Læssøe","https://svampe.databasen.org/observations/10363056"
"DMS-10364364","","2023-08-04T00:00:00.000Z","approved",61471,"Leccinum aurantiacum","","rustrød skælrørhat",,"Sildesøen","Denmark",55.488778333333336,8.419166666666667,5,"Tina Larsen","jord eller humus","blandskov (med løv- og nåletræer)","bøg (Fagus), poppel (Populus), eg (Quercus)",,"Orangebrun hat med overhængende hathud. Rustbrune skæl på stok. Ved gennemskæring lyst kød efter 2 minutter mere brun, efter 10 mere sortnede. ","Tina Larsen","Tina Larsen","https://svampe.databasen.org/observations/10364364"
"DMS-10366715","","2023-08-10T00:00:00.000Z","approved",61471,"Leccinum aurantiacum","","rustrød skælrørhat",,"Tårbæk, Cottageparken","Denmark",55.78042260227572,12.590707272029249,25,"Frank Desting","jord eller humus","park/kirkegård","poppel (Populus)",,,"Frank Desting","Frank Desting","https://svampe.databasen.org/observations/10366715"
"DMS-10366785","","2023-08-10T00:00:00.000Z","approved",61471,"Leccinum aurantiacum","","rustrød skælrørhat",,"Vestre Plantage","Denmark",56.34726166666667,8.589495,5,"Anne S. Sørensen","jord eller humus","løvskov","",,,"Anne S. Sørensen","Anne S. Sørensen","https://svampe.databasen.org/observations/10366785"
"DMS-10366786","","2023-08-10T00:00:00.000Z","approved",61471,"Leccinum aurantiacum","","rustrød skælrørhat",,"Kulerup","Denmark",55.46451920111361,12.001740373671055,5,"Colin Andreas Eisenberg","jord eller humus","løvskov","bævreasp (Populus tremula)",,,"Colin Andreas Eisenberg","Michael Sonniks","https://svampe.databasen.org/observations/10366786"
"DMS-10368387","","2023-08-14T00:00:00.000Z","approved",61471,"Leccinum aurantiacum","","rustrød skælrørhat",,"Skoven","Denmark",57.26553166634324,11.018294220385043,57,"Jens H. Petersen","jord eller humus","løvskov","eg (Quercus)",,,"Jens H. Petersen","Jens H. Petersen","https://svampe.databasen.org/observations/10368387"
"DMS-10368441","","2023-08-14T00:00:00.000Z","approved",61471,"Leccinum aurantiacum","","rustrød skælrørhat",,"Søby brunkulsleje","Denmark",56.035338833333334,9.085275,5,"Kim Kristoffersen","jord eller humus","løvskov med naturskovspræg","","I vejkant med lidt mos under bøg ","","Kim Kristoffersen","Kim Kristoffersen","https://svampe.databasen.org/observations/10368441"
"DMS-10368562","","2023-08-14T00:00:00.000Z","approved",61471,"Leccinum aurantiacum","","rustrød skælrørhat",,"Rødme Svinehaver","Denmark",55.099659512457265,10.498294017015724,5,"Dan Schou","jord eller humus","overdrev","poppel (Populus)","+ Eg.","Sad i et lidt fugtigt område, mellem en poppel-alle og en stor gammel eg. Flot rustrød mat hat, porefladen er næsten helt hvid, stokken også helt lys, men med brune skæl. De var i flere størrelser - unge og ældre, plus en handikappet på en underlig måde. Ingen farvning ved gennemskæring. ca. 35 - 70 mm. i hatmål og ca. 50 - 80 mm. høj.","Dan Schou","Dan Schou","https://svampe.databasen.org/observations/10368562"
"DMS-10368800","","2023-08-14T00:00:00.000Z","approved",61471,"Leccinum aurantiacum","","rustrød skælrørhat",,"Trelde Vesterskov","Denmark",55.59608119840456,9.796642334059479,16,"Bo Levesen","jord eller humus","løvskov med naturskovspræg","eg (Quercus)",,,"Bo Levesen","Bo Levesen","https://svampe.databasen.org/observations/10368800"
"DMS-10369259","","2023-08-14T00:00:00.000Z","expert approved",61471,"Leccinum aurantiacum","","rustrød skælrørhat",,"Vargårde","Denmark",55.38644877553881,9.621480433561374,25,"Eva Lau Olsen","jord eller humus","løvskov","poppel (Populus)",,,"Eva Lau Olsen","Thomas Læssøe","https://svampe.databasen.org/observations/10369259"
"DMS-10370407","","2023-08-18T00:00:00.000Z","approved",61471,"Leccinum aurantiacum","","rustrød skælrørhat",,"Balle Hede","Denmark",56.308391666666665,10.291361666666667,4,"emil christensen","jord eller humus","løvskov","eg (Quercus), nåletræ (nåletræ)",,"Alm eg og rød Gran

","emil christensen","emil christensen","https://svampe.databasen.org/observations/10370407"
"DMS-10371356","","2023-08-20T00:00:00.000Z","approved",61471,"Leccinum aurantiacum","","rustrød skælrørhat",,"Åsen","Denmark",55.46177360120281,12.148411649352678,46,"Thomas Kehlet","jord eller humus","løvskov","eg (Quercus)",,,"Thomas Kehlet, Per Schilling, Ella Buck","Thomas Kehlet","https://svampe.databasen.org/observations/10371356"
"DMS-10373100","","2023-08-23T00:00:00.000Z","approved",61471,"Leccinum aurantiacum","","rustrød skælrørhat",,"Lellinge Frihed","Denmark",55.44033,12.0760945,8,"Jimmi Dalgaard","jord eller humus","løvskov","bøg (Fagus)",,,"Jimmi Dalgaard","Jimmi Dalgaard","https://svampe.databasen.org/observations/10373100"
"DMS-10373144","","2023-08-23T00:00:00.000Z","approved",61471,"Leccinum aurantiacum","","rustrød skælrørhat",,"Anhøj","Denmark",55.07094112944655,15.02399682998657,10,"Jan Riis-Hansen","jord eller humus","blandskov (med løv- og nåletræer)","avnbøg (Carpinus)",,,"Jan Riis-Hansen","Jan Riis-Hansen","https://svampe.databasen.org/observations/10373144"
"DMS-10376307","","2023-08-31T00:00:00.000Z","approved",61471,"Leccinum aurantiacum","","rustrød skælrørhat",,"Rødme Svinehaver","Denmark",55.101613123856296,10.498650525551056,10,"Dan Schou","jord eller humus","overdrev","",,"Stor halvkugleformet svamp. Hatten rust-rød, mat og med lidt rullekant. Porerfladen næsten hvid. Stokken brunskællet på lys bund, ved gennemskæringen kom der blå farve frem, ved basis meget blå, der er også lidt blåt i hatkødet, jeg tror der en noget andet på spil, svamp eller bakterier. ca. 8 cm i hatmål og ca. 13 cm. høj.","Dan Schou","Dan Schou","https://svampe.databasen.org/observations/10376307"
"DMS-10377475","","2023-09-04T00:00:00.000Z","expert approved",61471,"Leccinum aurantiacum","","rustrød skælrørhat",,"Galsklint","Denmark",55.51837166666667,9.690636666666666,5,"Brian sørensen","jord eller humus","løvskov","bævreasp (Populus tremula)",,"Ved vandkant og birk tæt på","Brian sørensen","Thomas Læssøe","https://svampe.databasen.org/observations/10377475"
"DMS-10377504","","2023-09-04T00:00:00.000Z","approved",61471,"Leccinum aurantiacum","","rustrød skælrørhat",,"Sønderskov, Guldborg","Denmark",54.856521666666666,11.762721666666666,5,"Per Schilling","jord eller humus","løvskov","bævreasp (Populus tremula)",,"Med rødlige skæl på stok hos unge eksemplarer","Per Schilling, Thomas Kehlet","Per Schilling","https://svampe.databasen.org/observations/10377504"
"DMS-10377983","","2023-09-05T00:00:00.000Z","approved",61471,"Leccinum aurantiacum","","rustrød skælrørhat",,"Køge Å","Denmark",55.463005426227824,12.14104928076267,10,"Ella Buck","jord eller humus","løvskov med naturskovspræg","eg (Quercus)",,"Kompakt svamp med orange hat og hvidgrå rørmundinger.  Stok med mange rødbrune prikker/skæl. Sortner . ","Ella Buck","Ella Buck","https://svampe.databasen.org/observations/10377983"
"DMS-10378136","","2023-09-06T00:00:00.000Z","expert approved",61471,"Leccinum aurantiacum","","rustrød skælrørhat",,"Pederskov Huse","Denmark",55.01648094063784,10.646461343116838,4,"Michella Laura Madsen","jord eller humus","løvskov med naturskovspræg","",,"Skæl bliver næsten sorte ved berøring. Dufter af svamp.","Michella Laura Madsen","Karen Poulsen","https://svampe.databasen.org/observations/10378136"
"DMS-10303265","","2022-10-05T00:00:00.000Z","expert approved",61471,"Leccinum aurantiacum","","rustrød skælrørhat",,"Skansebakken","Denmark",55.93193973673546,12.342846505125635,5,"Thomas Kehlet","jord eller humus","overdrev","løvtræ (løvtræ)",,,"Thomas Kehlet","Thomas Kehlet","https://svampe.databasen.org/observations/10303265"
"DMS-10379333","","2023-09-10T00:00:00.000Z","Rejected",61471,"Leccinum aurantiacum","","rustrød skælrørhat",,"Mårup","Denmark",55.9438907,10.5677455,14,"Wolf-Rüdiger Rossow","jord eller humus","løvskov med naturskovspræg","fyr (Pinus), poppel (Populus), eg (Quercus)",,,"Wolf-Rüdiger Rossow","Wolf-Rüdiger Rossow","https://svampe.databasen.org/observations/10379333"
"DMS-10380223","","2023-09-13T00:00:00.000Z","approved",61471,"Leccinum aurantiacum","","rustrød skælrørhat",,"Søholt Storskov","Denmark",54.73873833333333,11.572795,24,"Annette Greenfort","jord eller humus","løvskov","eg (Quercus)","På tør bund under eg og bøg","Rustrød hat med overhængende kant; kraftig; hvidlig stok med brune skæl; kødet sortner ved gennemskæring","Annette Greenfort","Annette Greenfort","https://svampe.databasen.org/observations/10380223"
"DMS-10381282","","2023-09-16T00:00:00.000Z","expert approved",61471,"Leccinum aurantiacum","","rustrød skælrørhat",,"Hovens Odde","Denmark",55.5179976,9.5803786,9,"Tobias Skjærlund","jord eller humus","løvskov","bøg (Fagus), eg (Quercus)",,,"Tobias Skjærlund","Tobias Skjærlund","https://svampe.databasen.org/observations/10381282"
"DMS-10381840","","2023-09-18T00:00:00.000Z","approved",61471,"Leccinum aurantiacum","","rustrød skælrørhat",,"Tinnet Krat","Denmark",55.909627075480046,9.378359913825989,75,"Anne-Grethe Lentz","jord eller humus","løvskov","","Voksede under Bævreasp og Eg ",,"Anne-Grethe Lentz","Anne-Grethe Lentz","https://svampe.databasen.org/observations/10381840"
"DMS-10382443","","2023-09-19T00:00:00.000Z","approved",61471,"Leccinum aurantiacum","","rustrød skælrørhat",,"Hovens Odde","Denmark",55.5186863,9.5885499,11,"Tobias Skjærlund","jord eller humus","egekrat","eg (Quercus)",,,"Tobias Skjærlund","Tobias Skjærlund","https://svampe.databasen.org/observations/10382443"
"DMS-10382444","","2023-09-19T00:00:00.000Z","approved",61471,"Leccinum aurantiacum","","rustrød skælrørhat",,"Hovens Odde","Denmark",55.5182575,9.58639,6,"Tobias Skjærlund","jord eller humus","løvskov","eg (Quercus)",,,"Tobias Skjærlund","Tobias Skjærlund","https://svampe.databasen.org/observations/10382444"
"DMS-10383491","","2023-09-23T00:00:00.000Z","approved",61471,"Leccinum aurantiacum","","rustrød skælrørhat",,"Hannenov Skov","Denmark",54.82227482409613,11.949269156903028,10,"Rita Forup","jord eller humus","løvskov","poppel (Populus)",,,"Rita Forup, Annette Greenfort","Rita Forup","https://svampe.databasen.org/observations/10383491"
"DMS-10383713","","2023-09-24T00:00:00.000Z","approved",61471,"Leccinum aurantiacum","","rustrød skælrørhat",,"Rådvad","Denmark",55.80654167,12.56525833,15,"Tobias Bøllingtoft","jord eller humus","løvskov","rød-el (Alnus glutinosa), bøg (Fagus sylvatica), eg (Quercus)",,"Ikke Birk","Tobias Bøllingtoft","Tobias Bøllingtoft","https://svampe.databasen.org/observations/10383713"
"DMS-10383812","","2023-09-24T00:00:00.000Z","approved",61471,"Leccinum aurantiacum","","rustrød skælrørhat",,"Bregninge","Denmark",55.02488567385312,10.605020024595433,5,"Dan Schou","jord eller humus","overdrev","eg (Quercus)",,"Sad i noget der minder om er egekrat, der er ca. 30 min. forskel på det to gennemskæringer, den blånede faktisk lidt. ca. 65 mm. i hatmål og ca. 90 mm. høj.","Dan Schou","Dan Schou","https://svampe.databasen.org/observations/10383812"
"DMS-10387330","","2023-10-01T00:00:00.000Z","approved",61471,"Leccinum aurantiacum","","rustrød skælrørhat",,"Bolderslev Skov","Denmark",55.00502127351487,9.357904308708385,75,"Leif H. Sørensen","jord eller humus","løvskov med naturskovspræg","",,"Blev fundet adskillige steder i skoven.","Leif H. Sørensen","Leif H. Sørensen","https://svampe.databasen.org/observations/10387330"
"DMS-10388350","","2023-10-04T00:00:00.000Z","approved",61471,"Leccinum aurantiacum","","rustrød skælrørhat",,"Bregninge Skov","Denmark",55.045590402158474,10.641951152938418,5,"Dan Schou","jord eller humus","blandskov (med løv- og nåletræer)","poppel (Populus)",,"Sad nær nogle store gamle popler.","Dan Schou","Dan Schou","https://svampe.databasen.org/observations/10388350"
"DMS-10390522","","2023-10-08T00:00:00.000Z","approved",61471,"Leccinum aurantiacum","","rustrød skælrørhat",,"Hovens Odde","Denmark",55.5185483,9.5869782,6,"Tobias Skjærlund","jord eller humus","egekrat","eg (Quercus)",,,"Tobias Skjærlund","Tobias Skjærlund","https://svampe.databasen.org/observations/10390522"
"DMS-10393048","","2023-10-13T00:00:00.000Z","approved",61471,"Leccinum aurantiacum","","rustrød skælrørhat",,"Trelde Næs","Denmark",55.620435949286076,9.846774992183782,50,"Ken A. Alminde","jord eller humus","løvskov","eg (Quercus)",,"Sortnende kød og overhængende hathud, stok med rustbrune skæl på yngre frugtlegemer.","Ken A. Alminde","Ken A. Alminde","https://svampe.databasen.org/observations/10393048"
"DMS-10438463","","2024-07-17T00:00:00.000Z","approved",61471,"Leccinum aurantiacum","","rustrød skælrørhat",,"Tårbæk, Cottageparken","Denmark",55.780371053259756,12.59014868353063,14,"Thomas Læssøe","jord eller humus","park/kirkegård","poppel (Populus)","mange frl.",,"Thomas Læssøe","Thomas Læssøe","https://svampe.databasen.org/observations/10438463"
"DMS-10438525","","2024-07-17T00:00:00.000Z","approved",61471,"Leccinum aurantiacum","","rustrød skælrørhat",,"Tårbæk, Cottageparken","Denmark",55.78050707163335,12.590878933406202,25,"Frank Desting","jord eller humus","park/kirkegård","bøg (Fagus), poppel (Populus), eg (Quercus)",,,"Frank Desting","Frank Desting","https://svampe.databasen.org/observations/10438525"
"DMS-10442369","","2024-08-07T00:00:00.000Z","approved",61471,"Leccinum aurantiacum","","rustrød skælrørhat",,"Fjellenstrup","Denmark",56.11575,12.29580833,15,"Michael Sonniks","jord eller humus","vejkant","poppel (Populus)",,"Brune stokskæl på fhv unge frugtlegemer, sortnende kød","Michael Sonniks","Michael Sonniks","https://svampe.databasen.org/observations/10442369"
"DMS-10442500","","2024-08-07T00:00:00.000Z","approved",61471,"Leccinum aurantiacum","","rustrød skælrørhat",,"Tårbæk, Cottageparken","Denmark",55.78043667,12.59065333,15,"Kirsten Bjørnsson","jord eller humus","park/kirkegård","poppel (Populus)",,"rustrød hat, brune stokskæl, sortgrånende kød","Kirsten Bjørnsson","Kirsten Bjørnsson","https://svampe.databasen.org/observations/10442500"
"DMS-10443265","","2024-08-13T00:00:00.000Z","approved",61471,"Leccinum aurantiacum","","rustrød skælrørhat",,"Åsted Ådal","Denmark",57.43451210524679,10.405404002444353,85,"Ditte Hellegaard","jord eller humus","løvskov med naturskovspræg","eg (Quercus)","Stod langs med stien. Der var primært egetræer.",,"Ditte Hellegaard","Ditte Hellegaard","https://svampe.databasen.org/observations/10443265"
"DMS-10448084","","2024-09-02T00:00:00.000Z","approved",61471,"Leccinum aurantiacum","","rustrød skælrørhat",,"Fløjstrup Strand","Denmark",56.07445833,10.25343333,15,"Uffe Nygaard","jord eller humus","løvskov","eg (Quercus)",,,"Uffe Nygaard","Uffe Nygaard","https://svampe.databasen.org/observations/10448084"
"DMS-10449061","","2024-09-06T00:00:00.000Z","expert approved",61471,"Leccinum aurantiacum","","rustrød skælrørhat",,"Tønballegård","Denmark",55.822563333333335,10.051827833333334,5,"Helena Larsen","jord eller humus","løvskov med naturskovspræg","eg (Quercus)",,,"Helena Larsen","Helena Larsen","https://svampe.databasen.org/observations/10449061"
"DMS-10449355","","2024-09-08T00:00:00.000Z","approved",61471,"Leccinum aurantiacum","","rustrød skælrørhat",,"Guldager Plantage","Denmark",55.549145,8.43982,4,"Tina Larsen","jord eller humus","blandskov (med løv- og nåletræer)","poppel (Populus), eg (Quercus)",,"Overhængende hat hud (orangebrun )
Stok med rust brune skæl. Sortner i kødet.","Tina Larsen","Tina Larsen","https://svampe.databasen.org/observations/10449355"
"DMS-10450108","","2024-09-11T00:00:00.000Z","approved",61471,"Leccinum aurantiacum","","rustrød skælrørhat",,"Moesgård Storskov","Denmark",56.07695542896298,10.2508143785235,75,"Silas Mark Elung Jensen","jord eller humus","løvskov med naturskovspræg","eg (Quercus)",,,"Silas Mark Elung Jensen","Silas Mark Elung Jensen","https://svampe.databasen.org/observations/10450108"
"DMS-10450495","","2024-09-11T00:00:00.000Z","approved",61471,"Leccinum aurantiacum","","rustrød skælrørhat",,"Kasted Mose","Denmark",56.20909980137438,10.118008486861072,5,"Ken A. Alminde","jord eller humus","sumpskov","bævreasp (Populus tremula)","Under bævreasp på relativ tør bund.","Overhængende hathud, sortnende ved gennemskæring, brunlige stokskæl.","Ken A. Alminde","Ken A. Alminde","https://svampe.databasen.org/observations/10450495"
"DMS-10451389","","2024-09-15T00:00:00.000Z","approved",61471,"Leccinum aurantiacum","","rustrød skælrørhat",,"Rødme Svinehaver","Denmark",55.10044077520366,10.498923763807397,5,"Dan Schou","jord eller humus","overdrev","eg (Quercus)",,"Sad ved kanten af en mose, under eg og poppel. Rustrød halvrund ensfarvet hat. Næsten helt hvid porerflade. Brunskællet stok, ved gennemskæring kom der ikke nogen farve, men efter ca. 20 min. kom der lidt ( nederste billede ) ca.50 mm. i hatmål og ca. 80 mm. høj.","Dan Schou","Dan Schou","https://svampe.databasen.org/observations/10451389"
"DMS-10452253","","2024-08-30T00:00:00.000Z","expert approved",61471,"Leccinum aurantiacum","","rustrød skælrørhat",,"Åshøje Overdrev","Denmark",55.43808297222222,12.121539,65,"Emil Førby","jord eller humus","løvskov","grå-poppel (Populus x canescens)",,,"Emil Førby","Emil Førby","https://svampe.databasen.org/observations/10452253"
"DMS-10454501","","2024-09-23T00:00:00.000Z","approved",61471,"Leccinum aurantiacum","","rustrød skælrørhat",,"Mosede Strand","Denmark",55.56905833333333,12.270966666666666,4,"Per Schilling","jord eller humus","vejkant","poppel (Populus)",,,"Per Schilling, Thomas Kehlet","Per Schilling","https://svampe.databasen.org/observations/10454501"
"DMS-10454905","","2024-09-24T00:00:00.000Z","approved",61471,"Leccinum aurantiacum","","rustrød skælrørhat",,"Blistrup","Denmark",56.09008333,12.20419722,15,"Michael Sonniks","jord eller humus","græsplæne","poppel (Populus)","Bævreasp-lignende ",,"Michael Sonniks","Michael Sonniks","https://svampe.databasen.org/observations/10454905"
"DMS-10457296","","2024-09-29T00:00:00.000Z","approved",61471,"Leccinum aurantiacum","","rustrød skælrørhat",,"Niels Bugges Hald","Denmark",56.38917864861867,9.336825379466495,29,"Thomas Læssøe","jord eller humus","løvskov","eg (Quercus)",,,"Thomas Læssøe","Thomas Læssøe","https://svampe.databasen.org/observations/10457296"
"DMS-10457714","","2024-09-29T00:00:00.000Z","approved",61471,"Leccinum aurantiacum","","rustrød skælrørhat",,"Eskebjerg Vesterlyng","Denmark",55.734383715696296,11.28792006522417,25,"Thomas Kehlet","jord eller humus","klit","eg (Quercus)",,,"Thomas Kehlet, Ella Buck","Thomas Kehlet","https://svampe.databasen.org/observations/10457714"
"DMS-10462478","","2013-09-27T00:00:00.000Z","approved",61471,"Leccinum aurantiacum","","rustrød skælrørhat",,"Ferup Skov","Denmark",55.54154452592001,9.368121419101954,10,"Bent Vestergaard Petersen","jord eller humus","græsningsskov/dyrehave","poppel (Populus), eg (Quercus)","Voksede langs hegn og dige med meget gamle egetræer og bævreasp","Der er vedhæftet fotos taget umiddelbart efter gennemskæring af stork og igen efter nogle minutter for at vise farve udviklingen","Bent Vestergaard Petersen","Bent Vestergaard Petersen","https://svampe.databasen.org/observations/10462478"
"DMS-10463048","","2024-10-09T00:00:00.000Z","approved",61471,"Leccinum aurantiacum","","rustrød skælrørhat",,"Hellebæk Avlsgård","Denmark",56.054449808294294,12.54648981615901,10,"Thomas Læssøe","jord eller humus","overdrev","eg (Quercus)",,,"Thomas Læssøe","Thomas Læssøe","https://svampe.databasen.org/observations/10463048"
"DMS-10464238","","2024-10-11T00:00:00.000Z","approved",61471,"Leccinum aurantiacum","","rustrød skælrørhat",,"Køge Å","Denmark",55.461789469521634,12.147137096981169,25,"Ella Buck","jord eller humus","løvskov","eg (Quercus)",,"Fast og kompakt rørhat med rødbrun tør hat  med fine og blege rørmundinger.  Sortskællet stok. Sortner ved gennemskæring. ","","Ella Buck","https://svampe.databasen.org/observations/10464238"
"DMS-10464978","","2024-10-12T00:00:00.000Z","approved",61471,"Leccinum aurantiacum","","rustrød skælrørhat",,"Houlbjerg Skov","Denmark",56.36412138502751,9.8853450268507,5,"Esben Rasmussen","løv- eller nåledække, løse blade og nåle","løvskov med naturskovspræg","bøg (Fagus)",,"Meget fast i kødet og med gullige rørmundiger.
Hatten er tør og ikke slimet.
Dufter frisk.","Esben Rasmussen","Esben Rasmussen","https://svampe.databasen.org/observations/10464978"
"DMS-10465363","","2024-10-13T00:00:00.000Z","Validation in progress",61471,"Leccinum aurantiacum","","rustrød skælrørhat",,"Sønderskov øst for Silkeborg","Denmark",56.17035652947673,9.821640139535386,5,"Susanne Dons Jensen","ved og rødder af levende træer","nåleskov/plantage","gran (Picea)",,,"Susanne Dons Jensen","Susanne Dons Jensen","https://svampe.databasen.org/observations/10465363"
"DMS-10465517","","2024-10-13T00:00:00.000Z","approved",61471,"Leccinum aurantiacum","","rustrød skælrørhat",,"Løvehave","Denmark",55.09007783333333,10.532791666666666,4,"Ann Liza Storm","jord eller humus","blandskov (med løv- og nåletræer)","",,,"Ann Liza Storm","Mathias Hass","https://svampe.databasen.org/observations/10465517"
